shaderBackend,inputBackend,id,time,strictPassed,R_MAE8,R_p99_8,G_MAE8,G_p99_8,B_MAE8,B_p99_8,A_MAE8,A_p99_8
hardware,hardware,fx-ov-tr-diamond,0.3,False,0,0,0,0,8.4203125,9,0,0
hardware,hardware,fx-ov-tr-diamond,0.9,False,0,0,0,0,7.79765625,9,0,0
hardware,hardware,fx-ov-tr-diamond,1.5,True,0.06872829861111111,0,0.05759548611111111,4,0.06345486111111111,0,0,0
hardware,hardware,fx-ov-tr-diamond,2.1,False,0,0,0,0,8.46796875,9,0,0
hardware,hardware,fx-cmyk-print,0.3,False,0.5034722222222222,9,2.1127821180555557,45,2.107986111111111,49,0,0
hardware,hardware,fx-cmyk-print,0.9,False,0.4972005208333333,9,2.0960286458333335,45,2.103515625,49,0,0
hardware,hardware,fx-cmyk-print,1.5,False,0.4850043402777778,9,2.041276041666667,45,2.094596354166667,42,0,0
hardware,hardware,fx-cmyk-print,2.1,False,0.49919704861111114,9,2.078537326388889,45,2.069704861111111,42,0,0
hardware,hardware,fx-mosaic-pulse,0.3,True,0.08394097222222222,8,0.07957899305555556,4,0.07087673611111112,0,0,0
hardware,hardware,fx-mosaic-pulse,0.9,True,0.07081163194444444,0,0.07567274305555556,4,0.06134982638888889,0,0,0
hardware,hardware,fx-mosaic-pulse,1.5,True,0.0615234375,0,0.113671875,4,0.0661892361111111,0,0,0
hardware,hardware,fx-mosaic-pulse,2.1,False,1.6962239583333334,49,1.533203125,40,1.3585286458333334,33,0,0
hardware,hardware,fx-pb-pixel-creation,0.3,True,0.09040798611111112,8,0.06922743055555555,4,0.039778645833333334,0,0,0
hardware,hardware,fx-pb-pixel-creation,0.9,True,0.06156684027777778,0,0.07615017361111111,4,0.06453993055555556,0,0,0
hardware,hardware,fx-pb-pixel-creation,1.5,False,1.5478081597222222,49,1.4865885416666667,45,1.3789713541666666,41,0,0
hardware,hardware,fx-pb-pixel-creation,2.1,True,0.055989583333333336,0,0.015885416666666666,0,0.013302951388888888,0,0,0
hardware,hardware,fx-carousel,0.3,False,0.7464409722222223,9,0.7569010416666667,12,0.7310329861111111,9,0,0
hardware,hardware,fx-carousel,0.9,False,0.9615234375,9,0.9477864583333333,12,0.9264973958333333,9,0,0
hardware,hardware,fx-carousel,1.5,False,0.7439453125,9,0.7456163194444444,8,0.7192057291666667,9,0,0
hardware,hardware,fx-carousel,2.1,False,0.5244140625,9,0.5282986111111111,8,0.48723958333333334,9,0,0
hardware,hardware,fx-ne-edges,0.3,False,0.3381076388888889,8,0.29268663194444444,4,0.43116319444444445,9,0,0
hardware,hardware,fx-ne-edges,0.9,False,0.3434244791666667,8,0.24010416666666667,4,0.4040581597222222,9,0,0
hardware,hardware,fx-ne-edges,1.5,False,0.33980034722222224,8,0.2545572916666667,4,0.4061414930555556,9,0,0
hardware,hardware,fx-ne-edges,2.1,False,0.29225260416666665,8,0.27921006944444443,4,0.4217447916666667,9,0,0
hardware,hardware,fx-cc-dance-flash,0.3,False,0.3417751736111111,9,0.24184027777777778,4,0.2750434027777778,8,0,0
hardware,hardware,fx-cc-dance-flash,0.9,True,0.3532769097222222,8,0.22584635416666668,4,0.26360677083333334,8,0,0
hardware,hardware,fx-cc-dance-flash,1.5,True,0.33023003472222223,8,0.246484375,4,0.2631076388888889,8,0,0
hardware,hardware,fx-cc-dance-flash,2.1,True,0.3396050347222222,8,0.2330295138888889,4,0.2772135416666667,8,0,0
warp,warp,fx-ov-tr-diamond,0.3,True,0,0,0,0,0,0,0,0
warp,warp,fx-ov-tr-diamond,0.9,True,0,0,0,0,0,0,0,0
warp,warp,fx-ov-tr-diamond,1.5,False,0.46586371527777776,9,0.49019097222222224,4,0.49203559027777777,9,0,0
warp,warp,fx-ov-tr-diamond,2.1,True,0,0,0,0,0,0,0,0
warp,warp,fx-cmyk-print,0.3,False,0.7000868055555556,16,2.208376736111111,45,2.2424696180555554,49,0,0
warp,warp,fx-cmyk-print,0.9,False,0.6909505208333333,16,2.219856770833333,45,2.2156467013888888,49,0,0
warp,warp,fx-cmyk-print,1.5,False,0.6989800347222223,16,2.1639973958333334,45,2.2067274305555555,49,0,0
warp,warp,fx-cmyk-print,2.1,False,0.6909722222222222,16,2.186653645833333,45,2.173806423611111,42,0,0
warp,warp,fx-mosaic-pulse,0.3,False,0.41117621527777776,9,0.42159288194444444,4,0.42853732638888886,9,0,0
warp,warp,fx-mosaic-pulse,0.9,False,0.42135416666666664,9,0.43135850694444444,4,0.4252170138888889,9,0,0
warp,warp,fx-mosaic-pulse,1.5,True,0.3372395833333333,8,0.3472222222222222,4,0.34739583333333335,8,0,0
warp,warp,fx-mosaic-pulse,2.1,False,0.7049479166666667,9,0.6796440972222222,5,0.6476996527777777,9,0,0
warp,warp,fx-pb-pixel-creation,0.3,False,0.36868489583333336,9,0.33904079861111114,4,0.3544704861111111,9,0,0
warp,warp,fx-pb-pixel-creation,0.9,False,0.39772135416666665,9,0.4084418402777778,4,0.4173828125,9,0,0
warp,warp,fx-pb-pixel-creation,1.5,False,0.8334852430555556,9,0.7931640625,8,0.7895833333333333,9,0,0
warp,warp,fx-pb-pixel-creation,2.1,False,0.15911458333333334,8,0.31731770833333334,4,0.41423611111111114,9,0,0
warp,warp,fx-carousel,0.3,False,0.8064019097222223,9,0.7982204861111111,12,0.7870876736111111,9,0,0
warp,warp,fx-carousel,0.9,False,1.0250651041666667,9,0.9942708333333333,12,0.9786675347222222,9,0,0
warp,warp,fx-carousel,1.5,False,0.8172960069444445,9,0.7909722222222222,8,0.7966362847222223,9,0,0
warp,warp,fx-carousel,2.1,False,0.5911892361111111,9,0.5897569444444445,8,0.5761935763888889,9,0,0
warp,warp,fx-ne-edges,0.3,False,1.2281032986111111,9,1.0314887152777779,5,1.6601128472222222,9,0,0
warp,warp,fx-ne-edges,0.9,False,1.3630425347222221,9,0.8983072916666667,5,1.6115451388888888,9,0,0
warp,warp,fx-ne-edges,1.5,False,1.3820746527777779,9,0.9010416666666666,5,1.6166883680555555,9,0,0
warp,warp,fx-ne-edges,2.1,False,1.2579210069444444,9,1.067751736111111,5,1.6921657986111112,9,0,0
warp,warp,fx-cc-dance-flash,0.3,False,1.483224826388889,9,1.2230034722222223,5,1.3146050347222222,9,0,0
warp,warp,fx-cc-dance-flash,0.9,False,1.4704210069444446,9,1.2087456597222221,5,1.318967013888889,9,0,0
warp,warp,fx-cc-dance-flash,1.5,False,1.4634331597222223,9,1.2305772569444444,5,1.3430121527777779,9,0,0
warp,warp,fx-cc-dance-flash,2.1,False,1.4716796875,9,1.2389756944444446,5,1.3560112847222223,9,0,0
hardware,warp,fx-ov-tr-diamond,0.3,False,0,0,0,0,8.4203125,9,0,0
hardware,warp,fx-ov-tr-diamond,0.9,False,0,0,0,0,7.79765625,9,0,0
hardware,warp,fx-ov-tr-diamond,1.5,False,0.46586371527777776,9,0.49019097222222224,4,0.49203559027777777,9,0,0
hardware,warp,fx-ov-tr-diamond,2.1,False,0,0,0,0,8.46796875,9,0,0
hardware,warp,fx-cmyk-print,0.3,False,0.6622395833333333,16,2.2084852430555557,45,2.2434895833333335,49,0,0
hardware,warp,fx-cmyk-print,0.9,False,0.6478081597222223,16,2.2200086805555554,45,2.214084201388889,49,0,0
hardware,warp,fx-cmyk-print,1.5,False,0.6584418402777777,16,2.1643880208333335,45,2.2074869791666667,49,0,0
hardware,warp,fx-cmyk-print,2.1,False,0.6548828125,16,2.18671875,45,2.1739149305555556,42,0,0
hardware,warp,fx-mosaic-pulse,0.3,False,0.42999131944444446,9,0.4429904513888889,4,0.4459418402777778,9,0,0
hardware,warp,fx-mosaic-pulse,0.9,False,0.4434678819444444,9,0.45134548611111114,4,0.44268663194444446,9,0,0
hardware,warp,fx-mosaic-pulse,1.5,False,0.36764322916666664,9,0.3789279513888889,4,0.37007378472222224,8,0,0
hardware,warp,fx-mosaic-pulse,2.1,False,2.044552951388889,49,1.87578125,40,1.7055555555555555,33,0,0
hardware,warp,fx-pb-pixel-creation,0.3,False,0.42473958333333334,9,0.3709852430555556,4,0.38459201388888886,9,0,0
hardware,warp,fx-pb-pixel-creation,0.9,False,0.48359375,9,0.47358940972222224,4,0.4947265625,9,0,0
hardware,warp,fx-pb-pixel-creation,1.5,False,1.8575737847222222,49,1.7918402777777778,45,1.7162109375,41,0,0
hardware,warp,fx-pb-pixel-creation,2.1,False,0.15911458333333334,8,0.35690104166666664,4,0.41423611111111114,9,0,0
hardware,warp,fx-carousel,0.3,False,0.8129774305555556,9,0.8217013888888889,12,0.7986545138888889,9,0,0
hardware,warp,fx-carousel,0.9,False,1.026736111111111,9,1.0157552083333334,12,0.9868272569444444,9,0,0
hardware,warp,fx-carousel,1.5,False,0.8225477430555556,9,0.8123914930555556,8,0.8014322916666666,9,0,0
hardware,warp,fx-carousel,2.1,False,0.5940321180555556,9,0.6130425347222223,8,0.5788628472222223,9,0,0
hardware,warp,fx-ne-edges,0.3,False,1.2278211805555554,9,1.0349175347222221,5,1.6588324652777777,9,0,0
hardware,warp,fx-ne-edges,0.9,False,1.3640407986111112,9,0.8999565972222222,5,1.6122829861111112,9,0,0
hardware,warp,fx-ne-edges,1.5,False,1.3834852430555555,9,0.9046657986111111,5,1.61796875,9,0,0
hardware,warp,fx-ne-edges,2.1,False,1.2603298611111111,9,1.069704861111111,5,1.695138888888889,9,0,0
hardware,warp,fx-cc-dance-flash,0.3,False,1.4800130208333333,9,1.2204427083333333,5,1.3096571180555556,9,0,0
hardware,warp,fx-cc-dance-flash,0.9,False,1.4659071180555556,9,1.2069444444444444,5,1.3152994791666666,9,0,0
hardware,warp,fx-cc-dance-flash,1.5,False,1.4595703125,9,1.2275390625,5,1.3407552083333334,9,0,0
hardware,warp,fx-cc-dance-flash,2.1,False,1.4720703125,9,1.2364583333333334,5,1.352907986111111,9,0,0
warp,hardware,fx-ov-tr-diamond,0.3,True,0,0,0,0,0,0,0,0
warp,hardware,fx-ov-tr-diamond,0.9,True,0,0,0,0,0,0,0,0
warp,hardware,fx-ov-tr-diamond,1.5,True,0.06872829861111111,0,0.05759548611111111,4,0.06345486111111111,0,0,0
warp,hardware,fx-ov-tr-diamond,2.1,True,0,0,0,0,0,0,0,0
warp,hardware,fx-cmyk-print,0.3,False,0.6311848958333334,9,2.1127387152777777,45,2.1078993055555557,49,0,0
warp,hardware,fx-cmyk-print,0.9,False,0.6280815972222222,9,2.096701388888889,45,2.103103298611111,49,0,0
warp,hardware,fx-cmyk-print,1.5,False,0.6121744791666667,9,2.0408420138888888,45,2.0945746527777778,42,0,0
warp,hardware,fx-cmyk-print,2.1,False,0.6186631944444444,9,2.0790581597222224,45,2.069704861111111,42,0,0
warp,hardware,fx-mosaic-pulse,0.3,True,0.09403211805555556,8,0.08077256944444444,4,0.07606336805555555,0,0,0
warp,hardware,fx-mosaic-pulse,0.9,True,0.07756076388888888,0,0.07571614583333333,4,0.06866319444444445,0,0,0
warp,hardware,fx-mosaic-pulse,1.5,True,0.07641059027777777,0,0.10345052083333334,4,0.07580295138888889,0,0,0
warp,hardware,fx-mosaic-pulse,2.1,False,0.35824652777777777,9,0.3415581597222222,5,0.3017361111111111,8,0,0
warp,hardware,fx-pb-pixel-creation,0.3,True,0.13079427083333334,8,0.11653645833333333,4,0.04203559027777778,0,0,0
warp,hardware,fx-pb-pixel-creation,0.9,True,0.18302951388888888,8,0.1896484375,4,0.21671006944444443,8,0,0
warp,hardware,fx-pb-pixel-creation,1.5,False,0.5521050347222223,9,0.505078125,8,0.4515407986111111,9,0,0
warp,hardware,fx-pb-pixel-creation,2.1,True,0.04188368055555555,0,0.015885416666666666,0,0.013302951388888888,0,0,0
warp,hardware,fx-carousel,0.3,False,0.7486545138888889,9,0.7410807291666667,12,0.7247612847222222,9,0,0
warp,hardware,fx-carousel,0.9,False,0.9608506944444445,9,0.9302517361111111,12,0.9245659722222223,9,0,0
warp,hardware,fx-carousel,1.5,False,0.7426215277777778,9,0.7324652777777778,8,0.7186197916666667,9,0,0
warp,hardware,fx-carousel,2.1,False,0.5241319444444444,9,0.5120659722222223,8,0.49190538194444444,9,0,0
warp,hardware,fx-ne-edges,0.3,False,0.3424262152777778,8,0.29759114583333335,4,0.43125,9,0,0
warp,hardware,fx-ne-edges,0.9,False,0.34717881944444445,8,0.24411892361111112,4,0.40598958333333335,9,0,0
warp,hardware,fx-ne-edges,1.5,False,0.3472222222222222,8,0.26447482638888886,4,0.4092013888888889,9,0,0
warp,hardware,fx-ne-edges,2.1,False,0.29598524305555557,8,0.28348524305555556,4,0.4221137152777778,9,0,0
warp,hardware,fx-cc-dance-flash,0.3,True,0.34325086805555555,8,0.2431640625,4,0.27491319444444445,8,0,0
warp,hardware,fx-cc-dance-flash,0.9,True,0.35499131944444445,8,0.2271701388888889,4,0.26089409722222223,8,0,0
warp,hardware,fx-cc-dance-flash,1.5,True,0.33114149305555557,8,0.2474609375,4,0.2654296875,8,0,0
warp,hardware,fx-cc-dance-flash,2.1,True,0.34108072916666665,8,0.23424479166666667,4,0.2774739583333333,8,0,0
