id,class,reviewStatus,strictPassedFrames,structuralPassedFrames,worstTime,R_max_blurredMae8,R_max_histogramWasserstein8,R_max_meanError8,G_max_blurredMae8,G_max_histogramWasserstein8,G_max_meanError8,B_max_blurredMae8,B_max_histogramWasserstein8,B_max_meanError8,A_max_blurredMae8,A_max_histogramWasserstein8,A_max_meanError8,blurredMaePassed,histogramPassed,meanPassed,meanLuminanceError8Max,luminancePassed
fx-shake,noise-driven,FAIL,1,3,2.1,2.501041635290134,0.14049479166666667,0.07065972222222222,2.606051112107305,0.1890625,0.11267361111111111,2.722061804115313,0.2038845486111111,0.15184461805555555,0,0,0,False,True,True,0.10656960503473556,True
fx-cc-slash-reveal,noise-driven,PROVISIONAL_PASS,0,4,2.1,1.6509763749751838,0.12508680555555557,0.06469184027777777,1.6273937078075764,0.13843315972222223,0.04871961805555555,1.6408958269987894,0.14381510416666668,0.062890625,0,0,0,True,True,True,0.05313845920137794,True
fx-cc-diamond-zoom,noise-driven,PROVISIONAL_PASS,4,4,0.3,0.04521727944582746,0.053276909722222224,0.03387586805555556,0.054623770550274384,0.06232638888888889,0.047699652777777775,0.05994887898715825,0.06345486111111111,0.04552951388888889,0,0,0,True,True,True,0.04460403211805897,True
fx-ct-error-quake,noise-driven,FAIL,2,3,0.3,4.509551260628817,2.8338107638888888,1.8543836805555556,5.396394582493823,4.160438368055556,4.0173828125,6.511552323127567,4.6204644097222225,4.5701171875,0,0,0,False,False,False,3.5974366189236093,False
fx-ct-explosion,noise-driven,PROVISIONAL_PASS,4,4,1.5,0.04644117705266005,0.04572482638888889,0.028016493055555557,0.047438209876316494,0.05861545138888889,0.0279296875,0.04565176553578099,0.03951822916666667,0.021202256944444445,0,0,0,True,True,True,0.02495244357638171,True
fx-ct-scene-cut,noise-driven,FAIL,0,0,0.9,93.82622521823184,94.16182725694445,94.16182725694445,95.25791587983424,95.58682725694445,95.58682725694445,94.78911377791074,95.11799045138889,95.11799045138889,0,0,0,False,False,False,95.25002223958332,False
fx-cc-shiny-stack,noise-driven,FAIL,0,0,0.3,10.419859146774057,2.3510416666666667,0.7371961805555556,11.029541380296138,2.130512152777778,0.7852430555555555,11.634720715904868,1.7829644097222221,0.7850043402777778,0,0,0,False,False,True,0.7750110546875248,True
fx-ct-glass-breaking,noise-driven,FAIL,0,0,1.5,3.9482833821891696,1.2251085069444445,0.9864366319444444,3.849049989323145,1.1171440972222222,0.8450954861111111,4.3900137229674305,1.3628255208333333,0.8550998263888889,0,0,0,False,True,True,0.8758669270833366,True
fx-ct-negative-panels,noise-driven,FAIL,3,3,2.1,40.28158203725749,25.142751736111112,24.994835069444445,43.803110278769815,31.79535590277778,31.79535590277778,58.90305459210566,49.24830729166667,49.24830729166667,0,0,0,False,False,False,31.609668263888892,False
fx-ct-fireplace,noise-driven,PROVISIONAL_PASS,0,4,0.9,0.5087719415206855,0.22760416666666666,0.18444010416666667,0.32134418836218426,0.14895833333333333,0.12751736111111112,0.10512164352172605,0.06634114583333334,0.0330078125,0,0,0,True,True,True,0.13178341145832917,True
fx-ct-vignette-noir,noise-driven,PROVISIONAL_PASS,0,4,0.3,0.20046177919672828,0.11857638888888888,0.040581597222222224,0.18371439595905517,0.12000868055555555,0.02771267361111111,0.20046177919672828,0.11857638888888888,0.040581597222222224,0,0,0,True,True,True,0.03137774305557173,True
fx-ct-lightning-crack,noise-driven,FAIL,2,2,0.3,11.681439009762608,4.161241319444445,3.730685763888889,12.356343205659838,4.435590277777778,3.890017361111111,13.057961309950512,4.641536458333333,4.0875434027777775,0,0,0,False,False,False,3.870404843749995,False
fx-vignette,noise-driven,PROVISIONAL_PASS,0,4,0.9,0.4327583967297543,0.23506944444444444,0.16072048611111112,0.4301344938159114,0.21219618055555556,0.14769965277777777,0.42448395645952525,0.2339409722222222,0.15638020833333333,0,0,0,True,True,True,0.15109461805556634,True
fx-ct-offset-slice,noise-driven,FAIL,3,3,0.9,2.5498959886809023,1.0035590277777777,0.9484375,2.1565207504839408,0.8119574652777778,0.6045355902777778,1.9411255458348078,0.6366536458333333,0.4171223958333333,0,0,0,False,True,True,0.6641179036458595,True
fx-cc-feverish,noise-driven,FAIL,3,3,0.9,6.59940287271942,6.5969835069444445,6.5969835069444445,18.328977003793856,18.34470486111111,18.34470486111111,14.3801874567816,14.483984375,14.36736111111111,0,0,0,False,False,False,15.559975082465272,False
fx-ct-tension-zoom,noise-driven,PROVISIONAL_PASS,4,4,0.3,0.04189231291046903,0.043467881944444446,0.01759982638888889,0.041500694346261996,0.047417534722222224,0.02211371527777778,0.035349174975602124,0.03721788194444445,0.00993923611111111,0,0,0,True,True,True,0.019623602430570486,True
fx-ct-cut-shift,noise-driven,FAIL,2,2,0.3,4.531536665251068,0.8443359375,0.7555121527777777,4.916302436387239,1.1118706597222223,1.1079644097222223,5.475072501241183,1.8679470486111112,1.8622612847222222,0,0,0,False,True,True,1.0874932942707858,True
fx-cc-move-cloud,noise-driven,PROVISIONAL_PASS,4,4,0.9,0.05262356552280383,0.056141493055555554,0.04411892361111111,0.036690659230282585,0.04181857638888889,0.033680555555555554,0.04445964715752239,0.04689670138888889,0.04333767361111111,0,0,0,True,True,True,0.035378854166680185,True
fx-ct-chaotic-heat,noise-driven,FAIL,0,1,0.3,21.553236943379936,14.851888020833334,14.130360243055556,19.512988617458344,18.800824652777777,8.654383680555556,11.323235794769877,10.049826388888889,5.506792534722222,0,0,0,False,False,False,8.421390585937502,False
fx-ct-magical-tome,noise-driven,PROVISIONAL_PASS,4,4,2.1,0.03946730821611948,0.030338541666666666,0.015299479166666666,0.03289936131950158,0.034375,0.010112847222222223,0.03747146329833751,0.028385416666666666,0.013042534722222223,0,0,0,True,True,True,0.009251805555535952,True
fx-ct-grim-reaper,noise-driven,PROVISIONAL_PASS,4,4,0.3,0.024396309133655893,0.029839409722222224,0.010221354166666667,0.024714722104084187,0.03400607638888889,0.0067708333333333336,0.028131106576946202,0.033051215277777775,0.009765625,0,0,0,True,True,True,0.007720638020828119,True
fx-ct-phone-zoom,noise-driven,PROVISIONAL_PASS,4,4,1.5,0.04335331228215602,0.040364583333333336,0.020269097222222223,0.03906620201208313,0.04496527777777778,0.025694444444444443,0.03549747861508193,0.03428819444444445,0.004166666666666667,0,0,0,True,True,True,0.022986710069446303,True
fx-cc-retro-flicker,noise-driven,FAIL,0,3,2.1,5.002916112359029,4.962348090277778,4.962348090277778,4.189598712839938,4.145095486111111,4.145095486111111,3.316683790108459,3.279513888888889,3.279513888888889,0,0,0,False,False,False,4.2563483984374955,False
fx-cc-handheld,noise-driven,PROVISIONAL_PASS,4,4,1.5,0.03675637676321275,0.03771701388888889,0.022894965277777776,0.0349145296546323,0.039561631944444446,0.022981770833333335,0.033524018923101924,0.03125,0.004904513888888889,0,0,0,True,True,True,0.021507721354154796,True
fx-cc-wiggle-flicker,noise-driven,FAIL,0,1,0.3,24.083643610485716,23.290104166666666,23.290104166666666,23.692663093655696,22.76833767361111,22.76833767361111,23.339821372907764,22.198177083333334,22.198177083333334,0,0,0,False,False,False,22.83809963541664,False
fx-cc-hex-split,noise-driven,PROVISIONAL_PASS,0,4,1.5,0.860553655660787,0.40030381944444443,0.3944010416666667,0.7586257521179091,0.36215277777777777,0.3579861111111111,0.6564937415665463,0.31484375,0.3099826388888889,0,0,0,True,True,True,0.36226207465280424,True
fx-cc-heart-ascent,noise-driven,PROVISIONAL_PASS,0,4,2.1,1.3407434900247701,0.5129774305555556,0.5129774305555556,0.5588764008428191,0.17252604166666666,0.09453125,0.8188516019327251,0.37105034722222224,0.30703125,0,0,0,True,True,True,0.19883540798609545,True
fx-cc-butterfly,noise-driven,PROVISIONAL_PASS,4,4,1.5,0.04616907674154187,0.049544270833333334,0.014865451388888888,0.02720077241293414,0.04424913194444444,0.0044921875,0.04145046614651429,0.049652777777777775,0.00837673611111111,0,0,0,True,True,True,0.005037903645842334,True
fx-cc-butterfly-dream,noise-driven,PROVISIONAL_PASS,4,4,0.3,0.047528212953713726,0.04694010416666667,0.015625,0.04070981121975019,0.041796875,0.004535590277777778,0.04871820470659106,0.04537760416666667,0.011653645833333334,0,0,0,True,True,True,0.006985538194456353,True
fx-cc-leak-warm,noise-driven,PROVISIONAL_PASS,4,4,0.3,0.02882895270958295,0.036046006944444445,0.02146267361111111,0.02910649182415602,0.03815104166666667,0.02309027777777778,0.03424680763860314,0.0388671875,0.005512152777777778,0,0,0,True,True,True,0.021116302083328264,True
fx-cc-leak-neon,noise-driven,PROVISIONAL_PASS,4,4,0.3,0.03860104592617841,0.046875,0.01742621527777778,0.03620313428207499,0.044379340277777776,0.009505208333333333,0.036234818118114916,0.03786892361111111,0.008268229166666667,0,0,0,True,True,True,0.011099904513898196,True
fx-cc-falling-petals,noise-driven,PROVISIONAL_PASS,4,4,2.1,0.0425797968047235,0.060633680555555555,0.014192708333333333,0.03037752108963319,0.05193142361111111,0.014952256944444445,0.031590394665898934,0.04396701388888889,0.016297743055555557,0,0,0,True,True,True,0.014765707465272726,True
fx-cc-smoky-focus,noise-driven,PROVISIONAL_PASS,4,4,0.9,0.03776760118141778,0.04114583333333333,0.013411458333333333,0.04148869949326798,0.041514756944444446,0.011089409722222223,0.04227350382352149,0.046375868055555554,0.0111328125,0,0,0,True,True,True,0.008819552951393916,True
fx-cc-vintage-film,noise-driven,FAIL,0,1,0.9,6.915349031144189,6.926280381944444,6.925238715277778,5.923248954291705,5.938736979166666,5.938042534722222,4.3935431396448985,4.407204861111111,4.407204861111111,0,0,0,False,False,False,6.037393962673605,False
fx-cc-stellar,noise-driven,PROVISIONAL_PASS,4,4,1.5,0.043235439101832474,0.06694878472222222,0.024848090277777776,0.055626285275385504,0.09763454861111111,0.042816840277777775,0.03145231450071229,0.04411892361111111,0.012955729166666667,0,0,0,True,True,True,0.02772993055555162,True
fx-cc-ink-spill,noise-driven,PROVISIONAL_PASS,4,4,0.3,0.031539554223876734,0.048567708333333334,0.01154513888888889,0.025602007899479345,0.042144097222222225,0.008897569444444444,0.031636974344840564,0.04463975694444444,0.01310763888888889,0,0,0,True,True,True,0.008008268229147575,True
fx-cc-exploding-love,noise-driven,FAIL,1,1,0.3,6.29803872640221,1.3304904513888889,1.2539713541666666,2.9153167385361534,1.3171875,0.8019097222222222,2.7725551315288923,1.4146050347222223,0.3145616319444444,0,0,0,False,True,True,0.36046249131945274,True
fx-cc-damaged-vignette,noise-driven,PROVISIONAL_PASS,4,4,2.1,0.05515652662506616,0.07280815972222222,0.04815538194444444,0.01860790224850913,0.029340277777777778,0.0062282986111111115,0.020583612859144774,0.024696180555555555,0.011176215277777778,0,0,0,True,True,True,0.014563285590284636,True
fx-cc-firefly,noise-driven,FAIL,0,1,0.9,5.209596485547051,0.7958116319444445,0.7340060763888889,4.522010950415342,0.6723741319444444,0.6222005208333333,2.2427693449882553,0.41549479166666664,0.3462456597222222,0,0,0,False,True,True,0.6260464409722317,True
fx-cc-misty-tint,noise-driven,PROVISIONAL_PASS,4,4,1.5,0.034088709992871696,0.04112413194444445,0.017361111111111112,0.02957299910103371,0.04129774305555556,0.02328559027777778,0.03217480025615717,0.04450954861111111,0.005837673611111111,0,0,0,True,True,True,0.01996302951387463,True
fx-cc-sepia-cool,noise-driven,PROVISIONAL_PASS,0,4,0.3,0.180598188688948,0.10056423611111111,0.012651909722222222,0.16288261525636277,0.10104166666666667,0.0197265625,0.179633914483135,0.10203993055555556,0.024175347222222223,0,0,0,True,True,True,0.016723185763879655,True
fx-cc-snow-night,noise-driven,PROVISIONAL_PASS,4,4,2.1,0.029928120362167274,0.04782986111111111,0.007573784722222222,0.03838228251237738,0.07619357638888889,0.010460069444444444,0.04204938758498455,0.0763888888888889,0.021245659722222223,0,0,0,True,True,True,0.007629366319420683,True
fx-cc-rain,noise-driven,PROVISIONAL_PASS,4,4,2.1,0.026483423122867722,0.036328125,0.0134765625,0.03799798031787243,0.04802517361111111,0.028884548611111113,0.02739365885690682,0.04383680555555555,0.005381944444444444,0,0,0,True,True,True,0.017507947048628125,True
fx-cc-rose-bloom,noise-driven,FAIL,0,3,2.1,2.1496885121738742,0.5459201388888889,0.5365668402777778,0.8885978011356456,0.4099392361111111,0.35455729166666666,0.6367478995928618,0.3646050347222222,0.3567925347222222,0,0,0,False,True,True,0.3886571657986053,True
fx-cc-sparkle-shine,noise-driven,PROVISIONAL_PASS,4,4,2.1,0.029875635546405013,0.05720486111111111,0.008550347222222223,0.01871862217928473,0.04919704861111111,0.004926215277777778,0.026768949549829276,0.038910590277777775,0.011827256944444444,0,0,0,True,True,True,0.005381475694434812,True
fx-cc-pixel-blocks,noise-driven,PROVISIONAL_PASS,4,4,1.5,0.08165398834034243,0.06078559027777778,0.027061631944444445,0.06468252183427668,0.06356336805555556,0.018598090277777778,0.06786408821957075,0.038563368055555554,0.020963541666666665,0,0,0,True,True,True,0.019403854166654355,True
fx-cc-pixel-mutant,noise-driven,FAIL,3,3,0.9,2.3534500058463768,0.5417100694444444,0.10416666666666667,2.403644558312583,0.41714409722222223,0.026888020833333335,2.448084496059076,0.4654296875,0.02048611111111111,0,0,0,False,True,True,0.035486167534728,True
fx-cc-pixel-universe,noise-driven,PROVISIONAL_PASS,4,4,2.1,0.04130262071124736,0.04286024305555555,0.017860243055555555,0.04398008057650614,0.04700520833333333,0.012977430555555556,0.03660690675844029,0.03205295138888889,0.017903645833333332,0,0,0,True,True,True,0.00806885416669445,True
fx-pb-pixel-scan,noise-driven,PROVISIONAL_PASS,4,4,0.3,0.04139512872578054,0.04375,0.014539930555555556,0.03543812339677015,0.03843315972222222,0.009613715277777778,0.03446032016719713,0.04279513888888889,0.005013020833333334,0,0,0,True,True,True,0.008537534722236728,True
fx-pb-flip-phone,noise-driven,PROVISIONAL_PASS,4,4,2.1,0.032172255859188245,0.030837673611111113,0.020421006944444445,0.022767250651600443,0.023871527777777776,0.0067708333333333336,0.0299640283678875,0.030577256944444443,0.005316840277777778,0,0,0,True,True,True,0.009469171006927013,True
fx-pb-pixel-breakdown,noise-driven,PROVISIONAL_PASS,4,4,0.9,0.2145777842410797,0.07708333333333334,0.012565104166666667,0.217759632393626,0.06480034722222222,0.0158203125,0.22503743623243153,0.0548828125,0.028841145833333335,0,0,0,True,True,True,0.014590907118062546,True
fx-pb-sweet-party,noise-driven,FAIL,0,0,1.5,3.985970926647987,1.0928385416666666,0.6845920138888889,2.3372998939421334,0.8079644097222223,0.3367838541666667,2.731513043309916,0.8447265625,0.5154296875,0,0,0,False,True,True,0.4236260980902813,True
fx-pb-misty-tint,noise-driven,PROVISIONAL_PASS,4,4,0.9,0.04807621474177095,0.04318576388888889,0.013932291666666667,0.04410217833872114,0.04822048611111111,0.01484375,0.049017143733019755,0.045811631944444445,0.009440104166666666,0,0,0,True,True,True,0.014181488715280466,True
fx-pb-bead-art,noise-driven,PROVISIONAL_PASS,4,4,0.9,0.07360849998230083,0.04153645833333333,0.024913194444444446,0.06959639313348692,0.05008680555555556,0.0359375,0.06815924633246896,0.06215277777777778,0.03342013888888889,0,0,0,True,True,True,0.030249887152763222,True
fx-pb-pixel-rain,noise-driven,PROVISIONAL_PASS,4,4,2.1,0.05084080986683278,0.04578993055555555,0.01032986111111111,0.04415693546023444,0.04956597222222222,0.01545138888888889,0.05588977704656242,0.04440104166666667,0.01955295138888889,0,0,0,True,True,True,0.013585399305554802,True
fx-st-polaroid,noise-driven,PROVISIONAL_PASS,4,4,2.1,0.041623345523163234,0.04641927083333333,0.03235677083333333,0.03203621788972426,0.03878038194444444,0.020247395833333334,0.029377704962000484,0.031011284722222223,0.011436631944444444,0,0,0,True,True,True,0.02044646267358985,True
fx-st-retro-tv,noise-driven,PROVISIONAL_PASS,3,4,1.5,0.3757092069773852,0.3689019097222222,0.36820746527777776,0.34665607052425096,0.3350911458333333,0.33283420138888886,0.29057949809602845,0.2742838541666667,0.2728081597222222,0,0,0,True,True,True,0.33602067708333294,True
fx-st-billboard,noise-driven,PROVISIONAL_PASS,4,4,1.5,0.02106814998175374,0.020182291666666668,0.003146701388888889,0.018192044316778736,0.022178819444444445,0.010525173611111112,0.015453911432337403,0.019032118055555554,0.00859375,0,0,0,True,True,True,0.008817061631944512,True
fx-st-film-strip,noise-driven,PROVISIONAL_PASS,1,4,1.5,1.3260529850357272,1.2203125,1.2165364583333333,1.1441756137497046,1.0625651041666666,1.0575303819444444,0.8527078640303064,0.8029947916666667,0.7915798611111111,0,0,0,True,True,True,1.0721334461805654,True
fx-ne-frame,noise-driven,PROVISIONAL_PASS,3,4,0.9,1.6158958349086703,1.688845486111111,1.688845486111111,1.7824071196153533,1.8574001736111112,1.8574001736111112,1.7736341672294367,1.8568793402777777,1.8568793402777777,0,0,0,True,True,True,1.8215278428819346,True
fx-ne-ring,noise-driven,FAIL,3,3,0.9,2.200056292248442,2.201171875,2.201171875,0.5347162211939452,0.5337456597222222,0.5287109375,1.6143376069953492,1.6127821180555555,1.6120876736111112,0,0,0,False,False,False,0.9624959331597296,True
fx-ne-heart,noise-driven,PROVISIONAL_PASS,4,4,2.1,0.04613742942302774,0.04906684027777778,0.008637152777777778,0.0345502989204953,0.0462890625,0.003949652777777778,0.04392598266653807,0.04876302083333333,0.01955295138888889,0,0,0,True,True,True,0.003515842013882775,True
fx-ne-lightning,noise-driven,PROVISIONAL_PASS,4,4,1.5,0.03623562945217956,0.0513671875,0.0185546875,0.028002227845556015,0.03611111111111111,0.007161458333333333,0.0282771335762134,0.02834201388888889,0.008745659722222222,0,0,0,True,True,True,0.004081276041659976,True
fx-ne-stars,noise-driven,FAIL,0,0,2.1,5.594090587820048,1.1533420138888888,1.0456163194444446,6.245203404620461,1.6151909722222222,1.4188368055555556,5.409938773104899,0.8876302083333333,0.43626302083333335,0,0,0,False,True,True,1.2618625954861216,True
fx-cr-sparkle-burst,noise-driven,FAIL,0,1,2.1,2.5529805989574488,0.5563802083333333,0.2703993055555556,2.5374988425698417,0.4580295138888889,0.2851779513888889,2.2411878651958954,0.4173177083333333,0.22389322916666668,0,0,0,False,True,True,0.2776112543402718,True
fx-cr-glitter-rain,noise-driven,PROVISIONAL_PASS,4,4,2.1,0.03306503816954559,0.05668402777777778,0.006380208333333333,0.0203034715662994,0.05041232638888889,0.005447048611111111,0.027739464277524644,0.04197048611111111,0.014192708333333333,0,0,0,True,True,True,0.00590553385417536,True
fx-cr-matrix,noise-driven,PROVISIONAL_PASS,4,4,2.1,0.060428547629200226,0.07369791666666667,0.03528645833333333,0.08194894486398764,0.0720486111111111,0.02834201388888889,0.06094826239430922,0.05049913194444444,0.013910590277777777,0,0,0,True,True,True,0.024355047743057412,True
fx-cr-signal-lost,noise-driven,FAIL,0,3,2.1,26.403118122133098,12.469639756944444,12.377625868055556,32.52378692565386,14.061762152777778,13.745963541666667,37.509332526385066,21.374110243055554,21.177061631944444,0,0,0,False,False,False,13.991580234375007,False
fx-cr-slice-drift,noise-driven,PROVISIONAL_PASS,4,4,0.3,0.0429182549396384,0.04765625,0.031901041666666664,0.043587770024971634,0.04320746527777778,0.03331163194444445,0.045604852543935454,0.05054253472222222,0.03509114583333333,0,0,0,True,True,True,0.031932782118076375,True
fx-cr-projector,noise-driven,FAIL,0,2,0.3,3.0498661181216664,3.049392361111111,3.049392361111111,2.462203857953,2.4647352430555554,2.4647352430555554,1.8190622366201843,1.8228081597222223,1.8224175347222222,0,0,0,False,False,False,2.5426580078124914,False
fx-cr-flash-cut,noise-driven,PROVISIONAL_PASS,4,4,0.9,0.0805353059459683,0.07183159722222222,0.029752604166666665,0.07542165759910718,0.06907552083333333,0.013042534722222223,0.08342359454083251,0.06768663194444445,0.0087890625,0,0,0,True,True,True,0.015465403645848141,True
fx-cr-aurora,noise-driven,PROVISIONAL_PASS,4,4,0.3,0.033151268865912145,0.035698784722222224,0.009483506944444444,0.02877915686027777,0.038563368055555554,0.018511284722222222,0.027409112044142918,0.030707465277777776,0.008919270833333333,0,0,0,True,True,True,0.013648875868042865,True
fx-cr-twinkle-sky,noise-driven,PROVISIONAL_PASS,4,4,0.9,0.03247548489568532,0.05490451388888889,0.007139756944444444,0.022839666531008336,0.044835069444444445,0.0026041666666666665,0.032196602444341624,0.04181857638888889,0.013693576388888889,0,0,0,True,True,True,0.0020089800347449227,True
fx-cr-tri-split,noise-driven,FAIL,0,2,0.3,2.523472574270172,0.6146267361111111,0.5664930555555555,2.512368445251847,0.7786892361111111,0.7090711805555555,2.791976329015548,0.9925347222222223,0.9019097222222222,0,0,0,False,True,True,0.6926820138888701,True
fx-mt-photo-snap,noise-driven,FAIL,2,3,1.5,13.393239053191492,0.4970920138888889,0.3219184027777778,13.494041662097366,0.5039279513888889,0.35965711805555556,13.424742940020888,0.4864366319444444,0.28977864583333335,0,0,0,False,True,True,0.34658864149304236,True
fx-mt-zoom-shake,noise-driven,PROVISIONAL_PASS,1,4,1.5,1.4878974040253914,0.5960069444444445,0.434765625,1.2684269034196964,0.5846354166666666,0.43914930555555554,1.2666383746009742,0.37710503472222223,0.3708984375,0,0,0,True,True,True,0.4332896223958329,True
fx-globe,noise-driven,PROVISIONAL_PASS,4,4,0.3,0.0395252372507758,0.04131944444444444,0.029622395833333332,0.03855816694653169,0.04338107638888889,0.02165798611111111,0.03454183711079872,0.03812934027777778,0.016167534722222224,0,0,0,True,True,True,0.02099766927082669,True
fx-hyperspace,noise-driven,FAIL,0,0,2.1,1.871693623956742,0.5358072916666666,0.534765625,2.807145905746242,2.4937065972222223,2.1306857638888888,2.1411784505065183,0.6078776041666667,0.6037109375,0,0,0,False,False,False,1.6003752821180512,True
fx-star-rush,noise-driven,FAIL,0,0,0.9,2.4269213828321714,0.5170138888888889,0.23815104166666667,2.6720227022668968,0.523046875,0.26458333333333334,2.928678443858823,0.4818359375,0.26143663194444444,0,0,0,False,True,True,0.25873663628473764,True
fx-camera-shake,noise-driven,PROVISIONAL_PASS,4,4,1.5,0.04693870859855326,0.04841579861111111,0.0296875,0.03576961648491763,0.04470486111111111,0.020963541666666665,0.04211065517338761,0.044205729166666666,0.009809027777777778,0,0,0,True,True,True,0.02112856770834526,True
fx-film-grain,noise-driven,PROVISIONAL_PASS,0,4,0.3,0.6694928650563008,0.3131293402777778,0.2804904513888889,0.6671381358150152,0.2861328125,0.2505425347222222,0.6841390474742146,0.2892578125,0.26143663194444444,0,0,0,True,True,True,0.2576960156249868,True
fx-glitch-in,noise-driven,PROVISIONAL_PASS,4,4,0.9,0.06530854440655405,0.06595052083333333,0.05349392361111111,0.04565154013341433,0.043793402777777775,0.03519965277777778,0.05416457715867607,0.057291666666666664,0.04813368055555556,0,0,0,True,True,True,0.04002285156249741,True
fx-film-burn,noise-driven,PROVISIONAL_PASS,4,4,0.3,0.025306715415751763,0.04494357638888889,0.002126736111111111,0.02628458846085353,0.04201388888888889,0.011414930555555555,0.02806115369482691,0.03585069444444444,0.018272569444444445,0,0,0,True,True,True,0.008204696180570181,True
fx-torn-reveal,noise-driven,PROVISIONAL_PASS,4,4,2.1,0.02726482906253209,0.04809027777777778,0.010069444444444445,0.018620068490626963,0.04537760416666667,0.006510416666666667,0.027794684452436942,0.03993055555555555,0.014713541666666666,0,0,0,True,True,True,0.006595264756953156,True
fx-mirror-ball,noise-driven,PROVISIONAL_PASS,2,4,2.1,0.07413911261486754,0.07953559027777778,0.022960069444444446,0.06128106118150736,0.06182725694444444,0.0248046875,0.09454736503705227,0.06232638888888889,0.018424479166666667,0,0,0,True,True,True,0.023951870659701058,True
fx-confetti,noise-driven,PROVISIONAL_PASS,4,4,1.5,0.026462060391135193,0.04112413194444445,0.01521267361111111,0.020423817356823963,0.03567708333333333,0.005577256944444445,0.028905436640395417,0.03337673611111111,0.010525173611111112,0,0,0,True,True,True,0.007903077256969482,True
fx-balloons,noise-driven,PROVISIONAL_PASS,4,4,0.9,0.03589358858756636,0.04429253472222222,0.008680555555555556,0.0297278582214678,0.03676215277777778,0.003081597222222222,0.04529713003401002,0.032486979166666666,0.012044270833333334,0,0,0,True,True,True,0.0021244314236099626,True
fx-earthquake,noise-driven,PROVISIONAL_PASS,4,4,2.1,0.047749326049269056,0.048980034722222225,0.03643663194444444,0.033979580228649595,0.04040798611111111,0.018967013888888887,0.03551811196444395,0.037369791666666666,0.008485243055555555,0,0,0,True,True,True,0.020770177951376922,True
fx-light-leak,noise-driven,PROVISIONAL_PASS,4,4,0.3,0.03613129758041579,0.04424913194444444,0.007248263888888889,0.03754055095790962,0.0390625,0.006336805555555556,0.03481299538241171,0.034505208333333336,0.003993055555555555,0,0,0,True,True,True,0.006170208333330152,True
fx-bokeh,noise-driven,PROVISIONAL_PASS,4,4,2.1,0.029632521766791757,0.04576822916666667,0.008094618055555556,0.023144821071775526,0.04099392361111111,0.006510416666666667,0.03139465491603441,0.044140625,0.01720920138888889,0,0,0,True,True,True,0.005452534722223845,True
fx-grid-flash,noise-driven,PROVISIONAL_PASS,4,4,0.9,0.09368111676219291,0.11456163194444445,0.09898003472222222,0.05200451039670782,0.06577690972222222,0.05260416666666667,0.05184468422958305,0.078515625,0.04522569444444444,0,0,0,True,True,True,0.05233903645833493,True
fx-pencil-sketch,noise-driven,PROVISIONAL_PASS,4,4,0.9,0.062150601977224065,0.05559895833333333,0.007139756944444444,0.05392528744446057,0.05056423611111111,0.010590277777777778,0.06306471028204833,0.06410590277777778,0.016362847222222223,0,0,0,True,True,True,0.010273476562502992,True
fx-marker-lines,noise-driven,PROVISIONAL_PASS,1,4,2.1,0.06501481853584032,0.04921875,0.02795138888888889,0.060940373999216355,0.05881076388888889,0.026866319444444446,0.07318048253457912,0.05138888888888889,0.03806423611111111,0,0,0,True,True,True,0.025578372395813176,True
fx-spray-neon,noise-driven,PROVISIONAL_PASS,4,4,0.3,0.05683067455041827,0.03812934027777778,0.014887152777777777,0.061393848544661754,0.0580078125,0.022200520833333334,0.04369524502566023,0.04620225694444444,0.02230902777777778,0,0,0,True,True,True,0.016099796006940892,True
fx-chalkboard,noise-driven,PROVISIONAL_PASS,4,4,0.9,0.05807170489671186,0.05492621527777778,0.030360243055555555,0.056606232829358206,0.04698350694444445,0.03517795138888889,0.06198809401036316,0.04001736111111111,0.027387152777777778,0,0,0,True,True,True,0.030218585069448523,True
fx-scribble-frame,noise-driven,PROVISIONAL_PASS,4,4,2.1,0.02728826074265659,0.041167534722222225,0.003754340277777778,0.020874042805993077,0.03993055555555555,0.006336805555555556,0.025835205805392124,0.03778211805555556,0.013975694444444445,0,0,0,True,True,True,0.006114366319451392,True
fx-confetti-burst,noise-driven,PROVISIONAL_PASS,0,4,0.3,0.5080734640188677,0.1658203125,0.08804253472222222,0.5122262365418042,0.1953125,0.1310329861111111,0.500191454740765,0.1685112847222222,0.16599392361111112,0,0,0,True,True,True,0.11511193142361265,True
fx-gold-glitter,noise-driven,PROVISIONAL_PASS,4,4,1.5,0.03366080786285641,0.03713107638888889,0.016341145833333334,0.02505497996078871,0.034830729166666664,0.0046875,0.028278993372989447,0.03795572916666667,0.013172743055555556,0,0,0,True,True,True,0.005890690104152441,True
fx-heart-rain,noise-driven,PROVISIONAL_PASS,4,4,2.1,0.037148407513653406,0.045182291666666666,0.011979166666666667,0.028016794432345057,0.03611111111111111,0.005512152777777778,0.032712776180779425,0.03257378472222222,0.004361979166666667,0,0,0,True,True,True,0.005720151909741844,True
fx-bubbles,noise-driven,PROVISIONAL_PASS,4,4,2.1,0.028935744087938867,0.047764756944444445,0.007964409722222222,0.018706683569398468,0.047417534722222224,0.004253472222222222,0.028868283899377026,0.04045138888888889,0.012152777777777778,0,0,0,True,True,True,0.0037249522569453575,True
fx-star-pop,noise-driven,PROVISIONAL_PASS,4,4,0.3,0.03202775476192274,0.039322916666666666,0.012717013888888889,0.02263452199596883,0.03441840277777778,0.006336805555555556,0.027009491494447205,0.03344184027777778,0.011740451388888889,0,0,0,True,True,True,0.007144092881944175,True
fx-petals,noise-driven,PROVISIONAL_PASS,4,4,0.3,0.03590446354855258,0.04201388888888889,0.009722222222222222,0.02905257865534595,0.037890625,0.0040581597222222225,0.036775871376847104,0.03331163194444445,0.005815972222222222,0,0,0,True,True,True,0.005209066840279775,True
fx-snowfall,noise-driven,PROVISIONAL_PASS,0,4,0.9,0.40146856778732937,0.10900607638888889,0.059244791666666664,0.4271056517387807,0.13322482638888888,0.06421440972222223,0.477512597882084,0.14891493055555555,0.06744791666666666,0,0,0,True,True,True,0.06339132812499315,True
fx-eight-bit,noise-driven,FAIL,0,0,0.9,4.144003607656232,4.205772569444444,4.205772569444444,4.367469013246121,4.398589409722222,4.3982421875,4.059711626832201,4.0544921875,4.0544921875,0,0,0,False,False,False,4.300320407986106,False
fx-pixel-breakdown,noise-driven,PROVISIONAL_PASS,4,4,0.9,0.13173027909554663,0.09136284722222222,0.04188368055555555,0.10336414586380606,0.10496961805555556,0.0251953125,0.11909718305014044,0.07154947916666667,0.021527777777777778,0,0,0,True,True,True,0.018928706597222344,True
fx-pixel-glitch,noise-driven,PROVISIONAL_PASS,4,4,0.3,0.03610547984853958,0.04262152777777778,0.0034505208333333332,0.03532376330633402,0.04520399305555556,0.014127604166666667,0.041365840454290176,0.04164496527777778,0.006618923611111111,0,0,0,True,True,True,0.010899600694429523,True
fx-digital-blocks,noise-driven,PROVISIONAL_PASS,4,4,2.1,0.04348967142147726,0.03044704861111111,0.013237847222222222,0.029974251168477076,0.029166666666666667,0.008159722222222223,0.04438067606794051,0.046788194444444445,0.014105902777777778,0,0,0,True,True,True,0.005876957465289934,True
fx-vhs,noise-driven,PROVISIONAL_PASS,0,4,0.3,0.23716849512258031,0.14856770833333333,0.03630642361111111,0.2338176223083318,0.12348090277777778,0.037890625,0.22720240174216605,0.11655815972222222,0.03999565972222222,0,0,0,True,True,True,0.03402059895833531,True
fx-scanline-jitter,noise-driven,PROVISIONAL_PASS,4,4,0.3,0.060583691342626166,0.05577256944444445,0.050347222222222224,0.0601782174297761,0.05857204861111111,0.056141493055555554,0.07353854132678483,0.07111545138888889,0.06456163194444445,0,0,0,True,True,True,0.05316929687501215,True
fx-datamosh,noise-driven,PROVISIONAL_PASS,2,4,0.9,0.08063754511108502,0.05952690972222222,0.0173828125,0.06841116765544744,0.047374131944444446,0.016905381944444443,0.07673243022663404,0.04724392361111111,0.01325954861111111,0,0,0,True,True,True,0.016671579861124997,True
fx-signal-loss,noise-driven,PROVISIONAL_PASS,2,4,0.9,0.6587195104778605,0.28726128472222223,0.24251302083333334,0.6562348931557332,0.30397135416666665,0.2425564236111111,0.656576715418483,0.29672309027777777,0.2431640625,0,0,0,True,True,True,0.24259106770833228,True
fx-bad-tv,noise-driven,PROVISIONAL_PASS,0,4,0.3,0.3689445616301032,0.18307291666666667,0.061328125,0.34957620146196444,0.16009114583333334,0.05607638888888889,0.3803901752710528,0.16493055555555555,0.03585069444444444,0,0,0,True,True,True,0.05442116753471282,True
fx-glitch-flash,noise-driven,PROVISIONAL_PASS,4,4,0.9,0.05423190336024041,0.05099826388888889,0.04440104166666667,0.043865282959911364,0.051280381944444446,0.03882378472222222,0.0555871720157523,0.055859375,0.04205729166666667,0,0,0,True,True,True,0.040242968749993224,True
fx-vhs-rewind,noise-driven,PROVISIONAL_PASS,1,4,0.3,0.49967059022857985,0.25080295138888886,0.22571614583333333,0.48862993167779445,0.2218532986111111,0.20158420138888888,0.5094495432862577,0.21286892361111112,0.18878038194444444,0,0,0,True,True,True,0.20579021701387035,True
fx-film-8mm,noise-driven,PROVISIONAL_PASS,1,4,0.9,0.8762800394255192,0.3621744791666667,0.3138237847222222,0.8806947098116098,0.3938802083333333,0.35464409722222223,0.8832297627332958,0.3817274305555556,0.33671875,0,0,0,True,True,True,0.3446714887152922,True
fx-old-tv,noise-driven,PROVISIONAL_PASS,1,4,0.3,0.48636164994473524,0.2984809027777778,0.243359375,0.46870748021458425,0.28671875,0.24765625,0.48290637238200246,0.2759548611111111,0.22387152777777777,0,0,0,True,True,True,0.24502547743055914,True
fx-film-burn-leak,noise-driven,PROVISIONAL_PASS,4,4,0.3,0.03702962228329235,0.0427734375,0.005381944444444444,0.03218866720254278,0.038346354166666666,0.005577256944444445,0.035742552967749,0.033680555555555554,0.0024522569444444444,0,0,0,True,True,True,0.005310108506947131,True
fx-seventies,noise-driven,PROVISIONAL_PASS,1,4,0.9,0.39406769885900866,0.1978515625,0.15360243055555556,0.40034820582623254,0.25698784722222223,0.1662326388888889,0.41683011394015984,0.26762152777777776,0.16471354166666666,0,0,0,True,True,True,0.1634377777777729,True
fx-dust-scratches,noise-driven,PROVISIONAL_PASS,4,4,1.5,0.08942183540620582,0.08116319444444445,0.08116319444444445,0.08487029732410313,0.08133680555555556,0.07916666666666666,0.09542887900126838,0.08717447916666667,0.08717447916666667,0,0,0,True,True,True,0.08016929253473393,True
fx-tr-slam-merge,noise-driven,PROVISIONAL_PASS,4,4,0.3,0.10899126522698029,0.11197916666666667,0.09986979166666667,0.08674117790448219,0.08467881944444444,0.076171875,0.06728104043161781,0.06256510416666666,0.03279079861111111,0,0,0,True,True,True,0.06835287760418396,True
fx-tr-heat-flicks,noise-driven,PROVISIONAL_PASS,4,4,1.5,0.049457957805041475,0.04904513888888889,0.036284722222222225,0.04541141195546018,0.04479166666666667,0.038802083333333334,0.03950530738959852,0.044205729166666666,0.026866319444444446,0,0,0,True,True,True,0.037405130208355786,True
fx-tr-shake,noise-driven,PROVISIONAL_PASS,4,4,1.5,0.10370256027090312,0.11065538194444445,0.09750434027777778,0.07129738868738944,0.06729600694444444,0.0615234375,0.0644531920855488,0.061328125,0.04600694444444445,0,0,0,True,True,True,0.057196614583318706,True
fx-tr-glitch,noise-driven,PROVISIONAL_PASS,4,4,1.5,0.05048216197658077,0.049544270833333334,0.039887152777777775,0.04223995305504095,0.042252604166666666,0.02849392361111111,0.04709478322011974,0.04618055555555556,0.025694444444444443,0,0,0,True,True,True,0.030714001736114938,True
fx-tr-flare,noise-driven,PROVISIONAL_PASS,3,4,1.5,0.09275763101073886,0.10596788194444444,0.08569878472222223,0.059631204126551283,0.06260850694444445,0.05661892361111111,0.05078526981620507,0.06358506944444445,0.04006076388888889,0,0,0,True,True,True,0.061605802951419264,True
fx-tr-film-burn,noise-driven,PROVISIONAL_PASS,4,4,0.3,0.04356361276673772,0.048980034722222225,0.03424479166666667,0.03633792263581775,0.03739149305555556,0.024457465277777778,0.04003385953007698,0.041015625,0.006401909722222222,0,0,0,True,True,True,0.02495320312499416,True
fx-ov-glitter-rain,noise-driven,PROVISIONAL_PASS,4,4,0.3,0.05047032515893758,0.057356770833333334,0.032660590277777776,0.034404182503571266,0.04689670138888889,0.021592881944444444,0.04756318200716303,0.048350694444444446,0.0298828125,0,0,0,True,True,True,0.023321775173599235,True
fx-ov-gold-dust,noise-driven,PROVISIONAL_PASS,4,4,0.9,0.026827239317986192,0.033680555555555554,0.01857638888888889,0.012738665289180036,0.018880208333333332,0.006727430555555556,0.021314089841434916,0.023328993055555556,0.016167534722222224,0,0,0,True,True,True,0.009512881944438334,True
fx-ov-bokeh-gold,noise-driven,PROVISIONAL_PASS,4,4,0.9,0.030784630725615398,0.028754340277777776,0.01325954861111111,0.020314885008222254,0.0228515625,0.009657118055555556,0.023030170011278533,0.027582465277777777,0.019032118055555554,0,0,0,True,True,True,0.010666015624998693,True
fx-ov-bokeh-pink,noise-driven,PROVISIONAL_PASS,4,4,0.9,0.03127683110867549,0.035633680555555554,0.024739583333333332,0.012460171014763679,0.016861979166666666,0.004991319444444444,0.02956797469116475,0.03381076388888889,0.009309895833333333,0,0,0,True,True,True,0.009501601562490691,True
fx-ov-sparks,noise-driven,PROVISIONAL_PASS,4,4,2.1,0.030482435985051664,0.03780381944444444,0.024652777777777777,0.02275740839964317,0.033745659722222224,0.01759982638888889,0.030640205531765736,0.034331597222222225,0.02065972222222222,0,0,0,True,True,True,0.019229331597216515,True
fx-ov-embers,noise-driven,PROVISIONAL_PASS,4,4,0.9,0.04995506424737314,0.06065538194444445,0.03951822916666667,0.03148526318799587,0.05651041666666667,0.023350694444444445,0.044561318272996996,0.0533203125,0.02699652777777778,0,0,0,True,True,True,0.023334618055542933,True
fx-ov-smoke,noise-driven,PROVISIONAL_PASS,4,4,2.1,0.02869338740809997,0.030186631944444445,0.014344618055555555,0.022299649292652032,0.027625868055555555,0.007964409722222222,0.029535603223875013,0.03161892361111111,0.011870659722222222,0,0,0,True,True,True,0.009430338541662309,True
fx-ov-fog-white,noise-driven,PROVISIONAL_PASS,4,4,2.1,0.04219410093542259,0.0474609375,0.020008680555555554,0.029409353562241856,0.04626736111111111,0.02065972222222222,0.040654141953368986,0.04131944444444444,0.018619791666666666,0,0,0,True,True,True,0.019298611111111086,True
fx-ov-galaxy,noise-driven,PROVISIONAL_PASS,4,4,2.1,0.034065737142487035,0.03480902777777778,0.014192708333333333,0.019799423232328254,0.023328993055555556,0.0140625,0.024219450709157965,0.022591145833333333,0.007009548611111111,0,0,0,True,True,True,0.01339470920139263,True
fx-ov-fireflies,noise-driven,PROVISIONAL_PASS,4,4,1.5,0.17143349897934385,0.1843532986111111,0.1726779513888889,0.089871881133432,0.10538194444444444,0.08177083333333333,0.072560165469372,0.07797309027777778,0.06443142361111111,0,0,0,True,True,True,0.09858280381943985,True
fx-ov-magic-dust,noise-driven,PROVISIONAL_PASS,4,4,0.9,0.07176472038134045,0.08355034722222222,0.06501736111111112,0.012142001066713254,0.01662326388888889,0.004123263888888889,0.03921028056876831,0.05525173611111111,0.016883680555555555,0,0,0,True,True,True,0.01616528211806667,True
fx-ov-sparkle-white,noise-driven,PROVISIONAL_PASS,4,4,2.1,0.02741056473384865,0.06801215277777778,0.005425347222222222,0.021718005797079592,0.03411458333333333,0.01792534722222222,0.027617564016354162,0.03671875,0.019921875,0,0,0,True,True,True,0.013778741319441679,True
fx-ov-glitter,noise-driven,PROVISIONAL_PASS,4,4,0.3,0.027815628358966803,0.05232204861111111,0.0130859375,0.021108401818205506,0.032421875,0.014279513888888888,0.02689887267955879,0.033680555555555554,0.02013888888888889,0,0,0,True,True,True,0.013070707465274722,True
fx-ov-hearts-pink,noise-driven,PROVISIONAL_PASS,0,4,0.9,1.1192245574204516,0.5616102430555555,0.5557074652777778,0.2615742757051594,0.14108072916666667,0.12736545138888888,0.7363609254695798,0.33465711805555554,0.32306857638888886,0,0,0,True,True,True,0.18966240451389638,True
fx-ov-stars,noise-driven,PROVISIONAL_PASS,4,4,2.1,0.034330628438330714,0.026909722222222224,0.01697048611111111,0.0338385723083305,0.02328559027777778,0.011566840277777778,0.03501105273271367,0.029730902777777776,0.018359375,0,0,0,True,True,True,0.012585243055553974,True
fx-ov-confetti,noise-driven,PROVISIONAL_PASS,4,4,0.9,0.029336210666598233,0.06599392361111112,0.00920138888888889,0.019069403636924085,0.051497395833333334,0.0009982638888888888,0.026088571225541375,0.03485243055555556,0.015668402777777778,0,0,0,True,True,True,0.0032367057291651236,True
fx-ov-snow,noise-driven,PROVISIONAL_PASS,4,4,0.9,0.047147306768390095,0.05071614583333333,0.03257378472222222,0.038697132687565486,0.04027777777777778,0.03216145833333333,0.03764473399194277,0.03637152777777778,0.03046875,0,0,0,True,True,True,0.03212690538197194,True
fx-ov-rain,noise-driven,PROVISIONAL_PASS,4,4,0.9,0.03145340441133918,0.07747395833333333,0.008832465277777778,0.029785222589602627,0.08211805555555556,0.0197265625,0.031084647035218044,0.08103298611111111,0.006271701388888889,0,0,0,True,True,True,0.015369626736088549,True
fx-ov-bubbles,noise-driven,PROVISIONAL_PASS,4,4,0.9,0.022867902351923583,0.028841145833333335,0.018641493055555555,0.010131697835474114,0.0158203125,0.004361979166666667,0.022038476636450255,0.03253038194444444,0.010828993055555555,0,0,0,True,True,True,0.007864722222223008,True
fx-ov-leak-warm,noise-driven,PROVISIONAL_PASS,4,4,0.3,0.03766737234083844,0.04197048611111111,0.022243923611111112,0.030645583199493138,0.03700086805555555,0.00896267361111111,0.04230260455507719,0.044422743055555554,0.0310546875,0,0,0,True,True,True,0.01016302083333187,True
fx-ov-leak-pink,noise-driven,PROVISIONAL_PASS,4,4,0.3,0.04360749769543236,0.05054253472222222,0.033702256944444446,0.036377792632268154,0.06026475694444444,0.028038194444444445,0.04353962711960547,0.05531684027777778,0.030143229166666667,0,0,0,True,True,True,0.02815372395835425,True
fx-ov-leak-blue,noise-driven,PROVISIONAL_PASS,4,4,0.3,0.043948853003908155,0.050282118055555554,0.028645833333333332,0.04045333596707513,0.04600694444444445,0.03302951388888889,0.04619320564380429,0.045182291666666666,0.03359375,0,0,0,True,True,True,0.030854383680576802,True
fx-ov-light-streaks,noise-driven,FAIL,0,0,2.1,3.7235365520432584,2.5024522569444443,2.5024522569444443,4.833572102670764,3.259136284722222,3.259136284722222,6.095442710226292,4.110221354166667,4.110221354166667,0,0,0,False,False,False,3.159713602430564,False
fx-ov-stage-lights,noise-driven,PROVISIONAL_PASS,4,4,2.1,0.022393562512763025,0.02736545138888889,0.015386284722222223,0.01846648631605544,0.02165798611111111,0.014973958333333334,0.016850824720521324,0.02131076388888889,0.0069010416666666664,0,0,0,True,True,True,0.013579079861109733,True
fx-ov-bg-purple-smoke,noise-driven,PROVISIONAL_PASS,4,4,2.1,0.009014833338457286,0.007638888888888889,0.00625,0.020713823022691334,0.020833333333333332,0.02065972222222222,0.03274887087128572,0.04045138888888889,0.010590277777777778,0,0,0,True,True,True,0.016344283854166974,True
fx-ov-bg-pastel-ink,noise-driven,PROVISIONAL_PASS,4,4,2.1,0.006208644657856503,0.004861111111111111,0.0045138888888888885,0.04459534576105118,0.04418402777777778,0.04418402777777778,0.019311678873427884,0.016818576388888888,0.014735243055555555,0,0,0,True,True,True,0.03333476996530749,True
fx-ov-bg-pink-gradient,noise-driven,PROVISIONAL_PASS,4,4,0.3,0.0014941898728099725,0.0014973958333333334,0.0009331597222222223,0.0008558042374988026,0.00078125,8.680555555555556e-05,0.03428485677852794,0.035004340277777775,0.03404947916666667,0,0,0,True,True,True,0.002622812499993188,True
fx-ov-bg-blue-hearts,noise-driven,PROVISIONAL_PASS,4,4,2.1,0.02391049556586469,0.026323784722222222,0.0185546875,0.009607927720011884,0.0119140625,0.0052734375,0.03719473697878785,0.04045138888888889,0.03359375,0,0,0,True,True,True,0.005180863715281703,True
fx-ov-bg-pink-bokeh,noise-driven,PROVISIONAL_PASS,4,4,0.3,0.018221924754419132,0.01644965277777778,0.010850694444444444,0.04009154976393818,0.0392578125,0.03682725694444444,0.012058775714519498,0.0066840277777777775,0.0024305555555555556,0,0,0,True,True,True,0.024201571180554993,True
fx-ov-bg-golden-band,noise-driven,PROVISIONAL_PASS,4,4,0.3,0.01568431208701561,0.016493055555555556,0.014626736111111111,0.9698311401553343,0.9707682291666667,0.9696831597222222,0.023613257416978145,0.02439236111111111,0.023697916666666666,0,0,0,True,True,True,0.6982581206597214,True
fx-ov-bg-blue-smoke,noise-driven,PROVISIONAL_PASS,4,4,0.3,0.01588688362810748,0.01697048611111111,0.014496527777777778,0.015239473395905513,0.01579861111111111,0.009375,0.016246761283339708,0.016883680555555555,0.005295138888888889,0,0,0,True,True,True,0.010015338541665031,True
fx-ov-bg-light-wall,noise-driven,PROVISIONAL_PASS,4,4,1.5,0.009108869446272726,0.0130859375,0.006662326388888889,0.009744244959504744,0.013454861111111112,0.007942708333333333,0.024740004618414246,0.030164930555555556,0.007248263888888889,0,0,0,True,True,True,0.007454275173600422,True
fx-ov-bg-3d-shapes,noise-driven,FAIL,0,0,0.3,10.305277158338127,1.5349609375,0.9011935763888889,10.12825837163566,1.5475260416666667,0.9117621527777777,9.338938165915946,1.3654730902777779,0.8547960069444445,0,0,0,False,True,True,0.9054023177083366,True
fx-ov-bg-red-hearts,noise-driven,PROVISIONAL_PASS,4,4,0.3,0.007070831379565232,0.006792534722222222,0.004709201388888889,0.04618668536056572,0.04670138888888889,0.04635416666666667,0.001805990188680468,0.0011284722222222221,0.0011284722222222221,0,0,0,True,True,True,0.032450325520834156,True
fx-ov-sc-aurora,noise-driven,PROVISIONAL_PASS,4,4,0.9,0.012185206899773109,0.011740451388888889,0.0103515625,0.009912581051099868,0.011414930555555555,0.0014539930555555556,0.01018177934699506,0.011783854166666666,0.0052734375,0,0,0,True,True,True,0.0026986805555537785,True
fx-ov-sc-milky-way,noise-driven,PROVISIONAL_PASS,4,4,2.1,0.019780658276560153,0.020811631944444443,0.01662326388888889,0.6414805914815197,0.6425564236111111,0.6404079861111112,0.01950052988027325,0.020768229166666666,0.012348090277777777,0,0,0,True,True,True,0.4624391623263868,True
fx-ov-sc-sunset-sea,noise-driven,PROVISIONAL_PASS,4,4,0.3,0.012309559983161179,0.014887152777777777,0.008550347222222223,0.01087758597736202,0.012478298611111112,0.006184895833333333,0.009272775129847628,0.012391493055555555,0.0034071180555555556,0,0,0,True,True,True,0.006225828993052573,True
fx-ov-sc-moon-dunes,noise-driven,PROVISIONAL_PASS,4,4,2.1,0.022435769868366828,0.022048611111111113,0.022048611111111113,0.017900965282515266,0.018489583333333334,0.017621527777777778,0.009985440313792908,0.009895833333333333,0.0033854166666666668,0,0,0,True,True,True,0.017410711805560197,True
fx-ov-sc-clouds,noise-driven,PROVISIONAL_PASS,4,4,0.3,0.02094416785539877,0.02578125,0.01853298611111111,0.0118309552416022,0.019205729166666668,0.005295138888888889,0.07708582980762758,0.07645399305555556,0.0754123263888889,0,0,0,True,True,True,0.005355933159677306,True
fx-ov-sc-snowy-night,noise-driven,PROVISIONAL_PASS,4,4,2.1,0.007823568117272176,0.008702256944444445,0.0018663194444444445,0.011035285225829479,0.013411458333333333,0.005447048611111111,0.014310936439771485,0.015364583333333333,0.014322916666666666,0,0,0,True,True,True,0.005157404513887798,True
fx-ov-sc-ocean,noise-driven,PROVISIONAL_PASS,4,4,2.1,0.006493569686274963,0.006553819444444445,0.006553819444444445,0.03445117008985144,0.036328125,0.034375,0.026023267256721716,0.02732204861111111,0.025933159722222224,0,0,0,True,True,True,0.02485213975694478,True
fx-ov-sc-shooting-stars,noise-driven,PROVISIONAL_PASS,4,4,2.1,0.4305958018934021,0.24301215277777777,0.24301215277777777,0.41011016107128023,0.26653645833333334,0.26653645833333334,0.42708600545884357,0.291015625,0.291015625,0,0,0,True,True,True,0.26330258680555474,True
fx-ov-tr-shape-pop,noise-driven,PROVISIONAL_PASS,4,4,0.3,0.02534026100336182,0.05067274305555555,0.008159722222222223,0.01991673411362201,0.029600694444444443,0.012955729166666667,0.025689733437207977,0.03090277777777778,0.0171875,0,0,0,True,True,True,0.01190944444444142,True
fx-ov-tr-glow-blob,noise-driven,PROVISIONAL_PASS,4,4,2.1,0.0056020714888307495,0.006488715277777778,0.0029730902777777776,0.003995551399398138,0.004622395833333333,0.004231770833333333,0.0036691136202238028,0.005316840277777778,0.002018229166666667,0,0,0,True,True,True,0.0029462065972154505,True
fx-ov-tr-fire-wipe,noise-driven,PROVISIONAL_PASS,4,4,2.1,0.027357955399186503,0.0326171875,0.020594618055555555,0.02233677938924829,0.026801215277777776,0.0197265625,0.02411388290589689,0.025716145833333332,0.020421006944444445,0,0,0,True,True,True,0.019961250000001485,True
fx-ov-tr-ink,noise-driven,PROVISIONAL_PASS,4,4,2.1,0.009954066950347666,0.013151041666666667,0.001736111111111111,0.0058749487264409895,0.009548611111111112,0.003298611111111111,0.005467954214150489,0.005013020833333334,0.0030381944444444445,0,0,0,True,True,True,0.002905490451393433,True
fx-ov-tr-light-burst,noise-driven,FAIL,0,1,0.3,6.05416315807635,1.5386284722222223,1.2772569444444444,5.376137637246638,1.4451605902777778,1.145681423611111,5.435161954286071,1.5197482638888888,1.1584201388888888,0,0,0,False,True,True,1.1739703298611062,True
fx-ov-tr-scribble,noise-driven,FAIL,0,0,0.9,8.596101280484138,1.0602864583333333,1.0602864583333333,2.6912044116427696,0.758984375,0.4358723958333333,5.707704715319323,1.1777777777777778,1.0723090277777778,0,0,0,False,True,True,0.4410597526041755,True
fx-ov-el-speed-lines,noise-driven,PROVISIONAL_PASS,4,4,1.5,0.03798928053897371,0.042816840277777775,0.0072048611111111115,0.03869779281155896,0.04262152777777778,0.013324652777777777,0.03798928053897371,0.042816840277777775,0.0072048611111111115,0,0,0,True,True,True,0.010991944444441515,True
fx-ov-el-lightning,noise-driven,PROVISIONAL_PASS,3,4,0.9,1.5396495569829913,0.1341579861111111,0.01857638888888889,1.4531182612076659,0.10243055555555555,0.01579861111111111,1.6386040362006882,0.1375217013888889,0.05705295138888889,0,0,0,True,True,True,0.017799066840282762,True
fx-ov-el-moon,noise-driven,PROVISIONAL_PASS,4,4,2.1,0.03208537101768168,0.03940972222222222,0.02912326388888889,0.018665242738304832,0.027105034722222223,0.012000868055555556,0.02395414693985994,0.029361979166666666,0.01872829861111111,0,0,0,True,True,True,0.01528949218749176,True
fx-ov-el-smoke-puff,noise-driven,PROVISIONAL_PASS,4,4,2.1,0.04692274006043182,0.07836371527777777,0.0380859375,0.028853185213998635,0.05894097222222222,0.0181640625,0.03292269194139751,0.040516493055555554,0.01447482638888889,0,0,0,True,True,True,0.019592821180538067,True
fx-ov-film-dust,noise-driven,PROVISIONAL_PASS,0,4,0.9,0.4257667568549704,0.2562282986111111,0.20345052083333334,0.3093795501101784,0.15110677083333332,0.1101345486111111,0.33999539593785166,0.16979166666666667,0.13880208333333333,0,0,0,True,True,True,0.13204332031250487,True
fx-ov-grain,noise-driven,PROVISIONAL_PASS,0,4,0.3,0.7125079227868251,0.3098090277777778,0.21998697916666668,0.7241079815895872,0.31829427083333334,0.20579427083333332,0.7125079227868251,0.3098090277777778,0.21998697916666668,0,0,0,True,True,True,0.20983635416666857,True
fx-ov-vhs,noise-driven,PROVISIONAL_PASS,0,4,0.3,0.3282820252980289,0.20863715277777778,0.12443576388888888,0.3020974737648071,0.16714409722222223,0.12170138888888889,0.31677693128837564,0.15201822916666666,0.10718315972222223,0,0,0,True,True,True,0.12123450086804155,True
fx-ov-paper,noise-driven,PROVISIONAL_PASS,4,4,0.9,0.03298041181552386,0.05970052083333333,0.018033854166666665,0.026930573158661264,0.043294270833333336,0.012890625,0.0649635085174331,0.07198350694444444,0.05944010416666667,0,0,0,True,True,True,0.010764848090275336,True
fx-ov-burnt-edges,noise-driven,PROVISIONAL_PASS,4,4,0.3,0.04309959645152519,0.08856336805555555,0.020985243055555554,0.02512629475996171,0.057356770833333334,0.0169921875,0.030626339125924645,0.0326171875,0.018033854166666665,0,0,0,True,True,True,0.009002404513893225,True
fx-ov-leak-green,noise-driven,PROVISIONAL_PASS,4,4,2.1,0.030568901104293087,0.03439670138888889,0.019422743055555556,0.03311651589540651,0.03485243055555556,0.00959201388888889,0.023671452451122458,0.02502170138888889,0.008159722222222223,0,0,0,True,True,True,0.004089444444460355,True
fx-ov-leak-purple,noise-driven,PROVISIONAL_PASS,4,4,2.1,0.03162935445686254,0.030859375,0.008333333333333333,0.02234422090032219,0.02504340277777778,0.012022569444444445,0.03394603441107431,0.034765625,0.005750868055555556,0,0,0,True,True,True,0.0090402604166826,True
fx-ov-leak-red,noise-driven,PROVISIONAL_PASS,4,4,1.5,0.035616931200848745,0.035481770833333336,0.008897569444444444,0.02234422090032219,0.02504340277777778,0.012022569444444445,0.024308321433697388,0.029166666666666667,0.017013888888888887,0,0,0,True,True,True,0.00891684461807074,True
fx-ov-lightning,noise-driven,PROVISIONAL_PASS,4,4,2.1,0.026744842239538515,0.06940104166666666,0.0035807291666666665,0.020655101447028694,0.03324652777777778,0.01740451388888889,0.03804261121079656,0.04370659722222222,0.027994791666666668,0,0,0,True,True,True,0.013460125868064665,True
fx-ov-bokeh-blue,noise-driven,PROVISIONAL_PASS,4,4,2.1,0.02747260285010158,0.03526475694444445,0.02426215277777778,0.015793335697183216,0.018619791666666666,0.0039713541666666664,0.03217119889283354,0.03296440972222222,0.004123263888888889,0,0,0,True,True,True,0.007846041666667247,True
fx-ov-bokeh-rainbow,noise-driven,PROVISIONAL_PASS,4,4,2.1,0.02747260285010158,0.03526475694444445,0.02426215277777778,0.019487606805480392,0.020833333333333332,0.002322048611111111,0.02848926675169632,0.03480902777777778,0.008246527777777778,0,0,0,True,True,True,0.007414262152764195,True
fx-ov-sparkle-pink,noise-driven,PROVISIONAL_PASS,4,4,2.1,0.01812553674258766,0.028645833333333332,0.01349826388888889,0.014399072319328248,0.0216796875,0.011740451388888889,0.02064250805739371,0.030013020833333334,0.019422743055555556,0,0,0,True,True,True,0.011759592013881104,True
fx-ov-sparkle-blue,noise-driven,PROVISIONAL_PASS,4,4,2.1,0.018628708968501436,0.028059895833333334,0.014995659722222223,0.0140613893282865,0.022677951388888888,0.011176215277777778,0.02197071531399291,0.028515625,0.018684895833333333,0,0,0,True,True,True,0.011456953125005498,True
fx-ov-hearts-red,noise-driven,PROVISIONAL_PASS,0,4,0.9,1.1192245574204516,0.5616102430555555,0.5557074652777778,0.27909270240377765,0.1447265625,0.13569878472222222,0.34153055576091085,0.1910373263888889,0.1636284722222222,0,0,0,True,True,True,0.18411082899307019,True
fx-ov-fog-pink,noise-driven,PROVISIONAL_PASS,4,4,1.5,0.04252200840276426,0.0705295138888889,0.028211805555555556,0.034579329159725725,0.06909722222222223,0.022938368055555554,0.04005002505724778,0.059483506944444445,0.021527777777777778,0,0,0,True,True,True,0.023089930555528326,True
fx-ov-fog-blue,noise-driven,PROVISIONAL_PASS,4,4,0.9,0.03906510788591266,0.07172309027777778,0.025607638888888888,0.03214612014561826,0.06768663194444445,0.018229166666666668,0.037961322095348256,0.055403645833333334,0.025347222222222222,0,0,0,True,True,True,0.020032378472194523,True
