id,status,passedFrames,worstTime,R_maxMAE8,R_maxP99_8,G_maxMAE8,G_maxP99_8,B_maxMAE8,B_maxP99_8,A_maxMAE8,A_maxP99_8
fx-shake,FAIL,1,2.1,7.220551215277778,65,7.106076388888889,65,7.355056423611111,74,0,0
fx-blur,PASS,4,2.1,0.1546657986111111,1,0.21239149305555555,4,0.14453125,1,0,0
fx-ct-edge-glow,PASS,4,1.5,0.28133680555555557,8,0.3851345486111111,4,0.2814670138888889,8,0,0
fx-cc-slash-reveal,FAIL,0,2.1,6.167078993055555,148,6.074739583333334,142,6.093315972222222,148,0,0
fx-cc-black-flash,PASS,4,0.9,0.31961805555555556,8,0.24292534722222223,4,0.24342447916666668,8,0,0
fx-cc-diamond-zoom,PASS,4,2.1,0.19657118055555556,8,0.3079644097222222,4,0.2058376736111111,8,0,0
fx-ct-error-quake,FAIL,2,0.3,21.90138888888889,115,18.0287109375,113,21.971180555555556,140,0,0
fx-ct-explosion,PASS,4,0.9,0.2984375,8,0.2571831597222222,4,0.2164279513888889,8,0,0
fx-ct-scene-cut,FAIL,0,0.9,94.901953125,157,96.39995659722223,158,95.83812934027777,157,0,0
fx-ct-sharpen-edges,PASS,4,0.9,0.2922092013888889,8,0.3017361111111111,4,0.3702256944444444,8,0,0
fx-ct-game-over,PASS,4,2.1,0.2308376736111111,1,0.1511935763888889,4,0.2513671875,1,0,0
fx-cc-shiny-stack,FAIL,0,0.9,17.458528645833333,148,18.417100694444443,150,18.457964409722223,156,0,0
fx-cc-dance-flash,FAIL,0,0.9,0.659375,9,0.5074869791666666,8,0.5513888888888889,9,0,0
fx-ct-glass-breaking,FAIL,0,1.5,8.42107204861111,108,8.147265625,106,8.513020833333334,107,0,0
fx-ct-negative-panels,FAIL,3,2.1,47.11117621527778,206,50.31391059027778,223,64.98758680555555,247,0,0
fx-ct-darken-flash,PASS,4,2.1,0.28717447916666666,8,0.2669487847222222,4,0.34481336805555557,8,0,0
fx-horizontal-open,PASS,4,2.1,0.17154947916666666,1,0.20620659722222223,4,0.18148871527777777,1,0,0
fx-ct-fireplace,FAIL,0,0.9,2.098025173611111,41,1.3716362847222223,28,0.5180989583333333,9,0,0
fx-fade-in,PASS,4,0.9,0.2286892361111111,8,0.2879774305555556,4,0.20440538194444444,1,0,0
fx-ct-neon,PASS,4,2.1,0.12065972222222222,8,0.15290798611111112,4,0.14468315972222223,8,0,0
fx-ct-vignette-noir,FAIL,0,0.3,4.066037326388889,17,4.028862847222222,12,4.066037326388889,17,0,0
fx-ct-dreamy-halo,PASS,4,0.3,0.2355685763888889,8,0.32113715277777777,4,0.32827690972222223,8,0,0
fx-ct-lightning-crack,FAIL,2,0.3,11.7916015625,148,12.501605902777778,154,13.202625868055556,156,0,0
fx-ct-narrow-focus,PASS,4,1.5,0.05221354166666667,1,0.05186631944444445,1,0.05221354166666667,1,0,0
fx-vignette,FAIL,0,0.3,9.379796006944444,25,9.407769097222221,28,9.35373263888889,25,0,0
fx-ct-offset-slice,FAIL,3,0.9,8.164214409722222,149,6.929405381944444,125,7.0833116319444445,115,0,0
fx-zoom-lens,PASS,4,1.5,0.23250868055555557,1,0.23138020833333334,4,0.2881076388888889,8,0,0
fx-ct-picture-bumps,PASS,4,2.1,0.2705295138888889,8,0.41011284722222224,4,0.28778211805555554,1,0,0
fx-ct-background-fit,FAIL,3,0.9,0.5019097222222222,9,0.30108506944444446,4,0.38821614583333336,8,0,0
fx-ct-astral,PASS,4,2.1,0.32632378472222223,8,0.2619357638888889,4,0.2747395833333333,8,0,0
fx-cc-wobbly-flash,PASS,4,0.9,0.19407552083333332,8,0.3179470486111111,4,0.23550347222222223,1,0,0
fx-cc-feverish,FAIL,3,0.9,6.690169270833334,17,18.378125,29,14.29670138888889,25,0,0
fx-ct-tension-zoom,PASS,4,1.5,0.2524956597222222,8,0.29147135416666664,4,0.2893880208333333,1,0,0
fx-ct-negative,PASS,4,0.9,0.28717447916666666,8,0.2146484375,4,0.24058159722222222,8,0,0
fx-ct-cut-shift,FAIL,2,0.3,7.253580729166667,91,7.653450520833333,94,8.18576388888889,107,0,0
fx-ct-effect-mashup,PASS,4,1.5,0.36321614583333334,8,0.2972439236111111,4,0.4997612847222222,8,0,0
fx-ct-hexagonal-spot,PASS,4,0.3,0.3026258680555556,8,0.26126302083333336,4,0.47868923611111114,1,0,0
fx-ct-broken-shine,PASS,4,0.3,0.1961154513888889,1,0.25247395833333336,4,0.29865451388888886,1,0,0
fx-cc-move-cloud,PASS,4,0.9,0.6189236111111112,8,0.38795572916666665,4,0.3767144097222222,8,0,0
fx-ct-grim-neo,PASS,4,0.3,0.3092013888888889,8,0.47456597222222224,4,0.31354166666666666,8,0,0
fx-ct-chaotic-heat,FAIL,0,1.5,29.547764756944446,131,35.39481336805556,154,18.473459201388888,140,0,0
fx-ct-delicate-rays,PASS,4,1.5,0.4125434027777778,8,0.2986328125,4,0.3344184027777778,8,0,0
fx-ct-shine-zoom,PASS,4,2.1,0.4330295138888889,8,0.2517578125,4,0.3930121527777778,1,0,0
fx-ct-magical-tome,PASS,4,2.1,0.234765625,8,0.36380208333333336,4,0.31161024305555557,8,0,0
fx-ct-phone-cube,PASS,4,1.5,0.3271701388888889,1,0.31746961805555557,4,0.2659939236111111,1,0,0
fx-ct-grim-reaper,PASS,4,0.9,0.21458333333333332,1,0.2534939236111111,4,0.24095052083333332,1,0,0
fx-ct-phone-zoom,PASS,4,1.5,0.230859375,8,0.277734375,4,0.2445746527777778,8,0,0
fx-cc-chromatic,FAIL,3,2.1,0.3141059027777778,8,0.29463975694444444,4,0.7049913194444445,9,0,0
fx-cc-ripple,PASS,4,0.9,0.23878038194444445,8,0.27743055555555557,4,0.2534939236111111,8,0,0
fx-cc-retro-flicker,FAIL,0,2.1,11.546419270833333,41,10.964127604166666,40,10.320638020833334,33,0,0
fx-cc-handheld,PASS,4,0.9,0.19776475694444445,8,0.23350694444444445,4,0.2088107638888889,8,0,0
fx-cc-film-wave,PASS,4,0.9,0.2377387152777778,8,0.27786458333333336,4,0.25088975694444443,8,0,0
fx-cc-wiggle-flicker,FAIL,0,0.3,32.89774305555556,156,32.981380208333334,170,33.542751736111114,189,0,0
fx-cc-bw-slider,PASS,4,2.1,0.2064887152777778,8,0.25319010416666665,4,0.19602864583333332,8,0,0
fx-cc-hex-split,FAIL,0,0.9,7.876627604166667,99,7.310438368055555,93,6.5396918402777775,83,0,0
fx-cc-shimmer-360,PASS,4,0.3,0.1958550347222222,8,0.2575737847222222,4,0.20199652777777777,1,0,0
fx-cc-dynamic-blur,PASS,4,1.5,0.17964409722222222,1,0.20607638888888888,4,0.262109375,1,0,0
fx-cc-rebound-swing,PASS,4,0.3,0.23042534722222222,8,0.31102430555555555,4,0.23413628472222223,8,0,0
fx-cc-cut-twist,FAIL,1,1.5,0.43190104166666665,9,0.6251085069444444,5,0.427734375,8,0,0
fx-cc-bg-copies,PASS,4,0.3,0.39296875,8,0.42411024305555556,4,0.3896701388888889,8,0,0
fx-cc-camera-punch,PASS,4,0.3,0.207421875,1,0.2312282986111111,4,0.288671875,1,0,0
fx-cc-heart-ascent,FAIL,0,2.1,1.8986979166666667,41,1.1277994791666666,45,1.3010850694444445,25,0,0
fx-cc-butterfly,PASS,4,2.1,0.21247829861111112,8,0.30453559027777777,4,0.2203125,8,0,0
fx-cc-butterfly-dream,PASS,4,0.9,0.283984375,8,0.2775607638888889,4,0.29446614583333336,8,0,0
fx-cc-leak-warm,PASS,4,1.5,0.19832899305555557,1,0.23582899305555555,4,0.1740234375,8,0,0
fx-cc-leak-neon,PASS,4,0.3,0.2943793402777778,8,0.2927300347222222,4,0.25442708333333336,8,0,0
fx-cc-vignette-rose,PASS,4,2.1,0.31137152777777777,8,0.24281684027777778,4,0.29296875,8,0,0
fx-cc-falling-petals,PASS,4,0.9,0.20010850694444443,1,0.2681640625,4,0.20266927083333333,1,0,0
fx-cc-smoky-focus,PASS,4,2.1,0.2850260416666667,8,0.24789496527777777,4,0.288671875,8,0,0
fx-cc-vintage-film,FAIL,0,1.5,11.796766493055555,42,11.038020833333333,41,9.876866319444444,33,0,0
fx-cc-stellar,PASS,4,1.5,0.23919270833333334,8,0.32591145833333335,4,0.22024739583333333,8,0,0
fx-cc-border-current,PASS,4,2.1,0.19368489583333334,1,0.21241319444444445,4,0.2513671875,1,0,0
fx-cc-ink-spill,PASS,4,2.1,0.17573784722222222,1,0.2703776041666667,4,0.1755859375,1,0,0
fx-cc-exploding-love,FAIL,1,0.3,8.682486979166667,140,4.303472222222222,69,4.138541666666667,58,0,0
fx-cc-damaged-vignette,PASS,4,0.3,0.21781684027777778,8,0.17875434027777778,3,0.2083767361111111,1,0,0
fx-cc-firefly,FAIL,0,0.9,6.9626953125,107,6.100564236111111,98,3.0924696180555555,49,0,0
fx-cc-misty-tint,PASS,4,1.5,0.15950520833333334,8,0.19058159722222223,4,0.159765625,8,0,0
fx-cc-sepia-cool,FAIL,0,0.3,3.6913628472222224,16,3.713606770833333,12,3.738628472222222,16,0,0
fx-cc-snow-night,PASS,4,1.5,0.1937282986111111,8,0.28098958333333335,4,0.23617621527777777,8,0,0
fx-cc-rain,PASS,4,0.3,0.18637152777777777,1,0.24680989583333332,4,0.2427951388888889,1,0,0
fx-cc-rose-bloom,FAIL,0,2.1,3.1212456597222222,123,1.5056423611111112,57,1.1553602430555556,33,0,0
fx-cc-sparkle-shine,PASS,4,1.5,0.17955729166666667,1,0.26082899305555557,4,0.19793836805555556,1,0,0
fx-cc-color-pixel,PASS,4,0.3,0.34578993055555557,1,0.6375,4,0.1480034722222222,1,0,0
fx-cc-pixel-blocks,PASS,4,1.5,0.3502170138888889,8,0.276953125,4,0.28543836805555556,8,0,0
fx-cc-pixel-mutant,FAIL,3,0.9,3.7939887152777776,107,3.876974826388889,117,3.9889539930555555,107,0,0
fx-cc-pixel-art,PASS,4,1.5,0.09242621527777778,1,0.1413845486111111,0,0.07528211805555556,1,0,0
fx-cc-pixel-universe,PASS,4,0.3,0.2648654513888889,8,0.27059461805555557,4,0.2861111111111111,8,0,0
fx-pb-pixel-scan,PASS,4,2.1,0.28500434027777777,8,0.246484375,4,0.2692925347222222,8,0,0
fx-pb-flip-phone,PASS,4,2.1,0.15807291666666667,1,0.26640625,4,0.18854166666666666,1,0,0
fx-pb-pixel-creation,FAIL,3,1.5,1.6527777777777777,49,1.6709635416666666,45,1.5088107638888888,41,0,0
fx-pb-pixel-breakdown,PASS,4,0.9,0.4333550347222222,1,0.4526909722222222,4,0.46182725694444443,1,0,0
fx-pb-losing-hp,PASS,4,0.9,0.22272135416666666,8,0.27934027777777776,4,0.2826171875,8,0,0
fx-pb-sweet-party,FAIL,0,0.9,5.868684895833334,165,3.746940104166667,138,3.8065755208333334,124,0,0
fx-pb-popping-bow,PASS,4,1.5,0.31885850694444445,8,0.2784505208333333,5,0.2359375,8,0,0
fx-pb-misty-tint,PASS,4,1.5,0.29194878472222224,8,0.3021918402777778,4,0.31655815972222223,8,0,0
fx-pb-game-boy,PASS,4,0.3,0.2782986111111111,1,0.49932725694444446,1,0.363671875,1,0,0
fx-pb-pixel-dissolve,PASS,4,1.5,0.3361328125,8,0.21640625,4,0.2904296875,8,0,0
fx-pb-bead-art,PASS,4,0.9,0.23111979166666666,1,0.3045789930555556,3,0.20130208333333333,1,0,0
fx-pb-pixel-rain,PASS,4,2.1,0.23114149305555556,8,0.2823567708333333,4,0.2607204861111111,8,0,0
fx-st-phone-3d,PASS,4,1.5,0.186328125,1,0.2775824652777778,4,0.2094184027777778,1,0,0
fx-st-card-deck,PASS,4,0.9,0.2960069444444444,8,0.26651475694444443,4,0.2335720486111111,1,0,0
fx-st-polaroid,PASS,4,0.3,0.2685546875,1,0.3681640625,4,0.2580295138888889,1,0,0
fx-st-retro-tv,PASS,4,1.5,0.5633897569444445,8,0.6607421875,4,0.53828125,8,0,0
fx-st-billboard,PASS,4,0.3,0.2017144097222222,1,0.266015625,1,0.19559461805555556,1,0,0
fx-st-film-strip,FAIL,1,1.5,1.5456163194444446,17,1.3044921875,12,1.0770182291666666,9,0,0
fx-st-fanned-cards,PASS,4,0.9,0.28359375,1,0.25399305555555557,4,0.2193576388888889,1,0,0
fx-st-glass-card,PASS,4,1.5,0.18415798611111112,1,0.2712673611111111,4,0.20093315972222223,1,0,0
fx-ne-frame,FAIL,3,0.9,1.8295355902777777,17,2.009635416666667,17,2.0408420138888888,24,0,0
fx-ne-ring,FAIL,3,0.9,2.3599609375,25,0.6940104166666666,8,1.7530381944444444,24,0,0
fx-ne-heart,PASS,4,0.9,0.2633246527777778,8,0.23804253472222223,4,0.2537760416666667,8,0,0
fx-ne-edges,FAIL,0,0.3,0.4169704861111111,8,0.4154296875,4,0.4857204861111111,9,0,0
fx-ne-cyberpunk,PASS,4,0.3,0.2975043402777778,8,0.31853298611111114,4,0.24678819444444444,8,0,0
fx-ne-tunnel,PASS,4,0.3,0.2879557291666667,1,0.2559678819444444,4,0.2580078125,1,0,0
fx-ne-lightning,PASS,4,0.3,0.20661892361111112,1,0.2144097222222222,4,0.20668402777777778,1,0,0
fx-ne-scan,PASS,4,1.5,0.21551649305555556,8,0.2603081597222222,4,0.21098090277777778,8,0,0
fx-ne-scribble,PASS,4,0.9,0.29835069444444445,8,0.22884114583333334,4,0.2614800347222222,8,0,0
fx-ne-synthwave,PASS,4,1.5,0.2620659722222222,8,0.24633246527777777,4,0.17890625,1,0,0
fx-ne-stars,FAIL,0,0.3,7.350217013888889,115,7.454644097222222,109,8.198980034722222,132,0,0
fx-cr-sparkle-burst,FAIL,0,2.1,4.962109375,99,4.9966796875,110,4.542751736111111,107,0,0
fx-cr-glitter-rain,PASS,4,2.1,0.19279513888888888,1,0.2725911458333333,4,0.196875,1,0,0
fx-cr-rainbow-prism,PASS,4,2.1,0.28433159722222223,8,0.2607638888888889,4,0.241015625,8,0,0
fx-cr-anamorphic,PASS,4,0.3,0.1868923611111111,1,0.25785590277777776,4,0.182421875,1,0,0
fx-cr-matrix,PASS,4,2.1,0.4112630208333333,8,0.47921006944444444,5,0.3740017361111111,8,0,0
fx-cr-signal-lost,FAIL,0,2.1,35.91032986111111,132,41.43999565972222,134,45.484375,148,0,0
fx-cr-slice-drift,PASS,4,0.9,0.26838107638888886,8,0.37973090277777777,4,0.27469618055555556,8,0,0
fx-cr-camcorder,PASS,4,1.5,0.20946180555555555,8,0.2585720486111111,4,0.23641493055555557,8,0,0
fx-cr-projector,FAIL,0,0.3,3.230208333333333,9,2.601193576388889,9,2.003168402777778,9,0,0
fx-cr-comic-pop,PASS,4,0.9,0.3386284722222222,8,0.391015625,4,0.35577256944444446,8,0,0
fx-cr-dreamy,PASS,4,0.3,0.24385850694444444,8,0.30909288194444445,4,0.25167100694444444,8,0,0
fx-cr-kaleido-bloom,PASS,4,1.5,0.19344618055555557,8,0.27521701388888886,4,0.2537977430555556,8,0,0
fx-cr-zoom-burst,PASS,4,0.3,0.17940538194444444,1,0.28326822916666666,4,0.2550130208333333,1,0,0
fx-cr-ring-reveal,PASS,4,2.1,0.20677083333333332,1,0.26436631944444444,4,0.19468315972222222,1,0,0
fx-cr-flash-cut,PASS,4,0.9,0.31888020833333336,8,0.32890625,4,0.3948567708333333,8,0,0
fx-cr-rgb-strobe,PASS,4,1.5,0.28237847222222223,8,0.27803819444444444,4,0.2335720486111111,8,0,0
fx-cr-aurora,PASS,4,2.1,0.18611111111111112,8,0.2551215277777778,4,0.19789496527777778,1,0,0
fx-cr-heart-pulse,PASS,4,2.1,0.3151041666666667,8,0.24915364583333333,4,0.2592230902777778,8,0,0
fx-cr-twinkle-sky,PASS,4,1.5,0.20635850694444444,8,0.26588541666666665,4,0.2398003472222222,8,0,0
fx-cr-tri-split,FAIL,0,1.5,10.75310329861111,58,10.2251953125,61,9.797265625,74,0,0
fx-mt-velocity,PASS,4,0.9,0.20542534722222222,8,0.2271701388888889,4,0.27730034722222224,1,0,0
fx-mt-beat-rotate,PASS,4,0.3,0.21681857638888888,8,0.23207465277777778,4,0.289453125,8,0,0
fx-mt-photo-snap,FAIL,2,1.5,22.38888888888889,165,22.64455295138889,167,23.2,165,0,0
fx-mt-zoom-shake,FAIL,1,1.5,15.271766493055555,74,14.473350694444445,65,13.691970486111112,66,0,0
fx-mt-split-swipe,PASS,4,2.1,0.6265625,8,0.22137586805555556,4,0.23641493055555557,8,0,0
fx-mt-blur-punch,PASS,4,0.3,0.2980685763888889,8,0.2328559027777778,4,0.24223090277777778,8,0,0
fx-mt-mirror-beat,PASS,4,2.1,0.22419704861111112,8,0.19370659722222222,4,0.15379774305555555,8,0,0
fx-mt-step-zoom,PASS,4,2.1,0.23179253472222222,8,0.30477430555555557,4,0.23799913194444444,8,0,0
fx-mt-rgb-punch,PASS,4,1.5,0.201953125,8,0.2122829861111111,4,0.2746310763888889,1,0,0
fx-mt-dutch-tilt,PASS,4,2.1,0.23569878472222222,8,0.27508680555555554,4,0.2506293402777778,8,0,0
fx-mt-echo-zoom,PASS,4,0.9,0.281640625,8,0.221484375,4,0.2394748263888889,8,0,0
fx-mt-cinematic,PASS,4,1.5,0.2048611111111111,8,0.22582465277777777,4,0.20405815972222222,8,0,0
fx-swing-card,PASS,4,2.1,0.2917534722222222,8,0.19906684027777777,4,0.27328559027777777,8,0,0
fx-orbit-card,PASS,4,1.5,0.3471137152777778,8,0.18506944444444445,4,0.24223090277777778,8,0,0
fx-flip-card,PASS,4,2.1,0.3097873263888889,1,0.19231770833333334,4,0.2888671875,1,0,0
fx-spin-card,PASS,4,1.5,0.2443576388888889,8,0.18569878472222223,4,0.3165147569444444,8,0,0
fx-phone-spin,PASS,4,0.3,0.5736328125,8,0.10355902777777778,4,0.5188151041666667,8,0,0
fx-cube-spin,PASS,4,0.3,0.38895399305555556,1,0.077734375,1,0.35130208333333335,1,0,0
fx-cube-tumble,PASS,4,0.3,0.3944227430555556,1,0.0673828125,1,0.35457899305555557,1,0,0
fx-dice-roll,PASS,4,2.1,0.41015625,1,0.06286892361111111,1,0.35844184027777776,1,0,0
fx-globe,PASS,4,0.9,0.2551215277777778,1,0.19361979166666668,4,0.20021701388888888,1,0,0
fx-crystal-ball,PASS,4,0.9,0.20286458333333332,8,0.253125,4,0.20221354166666666,8,0,0
fx-tunnel,PASS,4,0.9,0.22135416666666666,8,0.3142578125,4,0.2711588541666667,8,0,0
fx-mirror-room,PASS,4,2.1,0.31343315972222224,1,0.32144097222222223,4,0.2740451388888889,1,0,0
fx-spiral-tunnel,PASS,4,0.9,0.21117621527777777,8,0.29149305555555555,4,0.27274305555555556,1,0,0
fx-hyperspace,FAIL,0,2.1,3.7049696180555554,107,6.015581597222222,117,4.229427083333333,132,0,0
fx-star-rush,FAIL,0,0.9,6.859548611111111,148,7.598589409722222,166,8.318207465277778,181,0,0
fx-carousel,FAIL,0,0.9,1.0357855902777777,9,1.0226128472222222,12,1.1458984375,9,0,0
fx-kaleido-drill,PASS,4,0.3,0.190625,8,0.23391927083333333,4,0.23502604166666666,8,0,0
fx-tiny-planet,PASS,4,1.5,0.23266059027777777,8,0.33046875,4,0.22005208333333334,8,0,0
fx-infinite-zoom,PASS,4,1.5,0.1935329861111111,8,0.25416666666666665,4,0.13676215277777778,1,0,0
fx-cylinder,PASS,4,2.1,0.16796875,8,0.23723958333333334,4,0.24229600694444445,8,0,0
fx-neon-stage,PASS,4,2.1,0.0998263888888889,1,0.15846354166666668,1,0.12322048611111111,1,0,0
fx-fade-out,PASS,4,0.3,0.21796875,8,0.31037326388888886,4,0.25262586805555554,8,0,0
fx-white-flash,PASS,4,1.5,0.28717447916666666,8,0.38394097222222223,5,0.2986111111111111,8,0,0
fx-blink,PASS,4,0.3,0.22126736111111112,1,0.24075520833333333,4,0.24296875,1,0,0
fx-motion-blur,PASS,4,0.9,0.15805121527777777,1,0.21391059027777778,4,0.18862847222222223,1,0,0
fx-mini-zoom,PASS,4,1.5,0.31612413194444444,8,0.2502387152777778,4,0.2511935763888889,8,0,0
fx-camera-shake,PASS,4,1.5,0.24498697916666667,8,0.28582899305555554,4,0.2552734375,8,0,0
fx-film-grain,FAIL,0,1.5,9.736393229166667,33,9.826714409722221,32,9.898285590277778,33,0,0
fx-cinema,PASS,4,0.3,0.1859157986111111,8,0.17469618055555555,4,0.17432725694444445,1,0,0
fx-vertical-open,PASS,4,1.5,0.17868923611111112,1,0.2619574652777778,4,0.1931640625,1,0,0
fx-camera-focus,PASS,4,1.5,0.18917100694444444,1,0.20416666666666666,4,0.25674913194444443,1,0,0
fx-spin-blur,PASS,4,1.5,0.15266927083333334,1,0.2103949652777778,4,0.18589409722222222,1,0,0
fx-swing,PASS,4,1.5,0.3149956597222222,8,0.24053819444444444,4,0.24973958333333332,8,0,0
fx-low-exposure,PASS,4,0.9,0.17992621527777777,1,0.2697699652777778,4,0.169140625,1,0,0
fx-hazy,PASS,4,1.5,0.17847222222222223,8,0.23324652777777777,4,0.1549045138888889,1,0,0
fx-to-colour,PASS,4,0.9,0.20737847222222222,8,0.25559895833333335,4,0.21399739583333333,8,0,0
fx-colorize,PASS,4,1.5,0.3593967013888889,8,0.23658854166666668,4,0.21095920138888888,8,0,0
fx-tilt-shift,PASS,4,1.5,0.1878689236111111,8,0.2339409722222222,4,0.20590277777777777,8,0,0
fx-iris-open,PASS,4,1.5,0.1808810763888889,1,0.2252170138888889,4,0.20147569444444444,1,0,0
fx-iris-close,PASS,4,0.3,0.17582465277777778,1,0.2541015625,4,0.19431423611111112,1,0,0
fx-slide-reveal,FAIL,2,1.5,0.45262586805555555,9,0.264453125,4,0.3587456597222222,8,0,0
fx-zoom-intro,PASS,4,0.3,0.26328125,8,0.3557074652777778,4,0.251953125,8,0,0
fx-blur-in,PASS,4,1.5,0.21206597222222223,8,0.2914279513888889,4,0.21809895833333334,1,0,0
fx-blur-out,PASS,4,0.3,0.2319878472222222,8,0.27254774305555557,4,0.2113715277777778,1,0,0
fx-curtain,PASS,4,2.1,0.30887586805555556,8,0.5520399305555556,4,0.158984375,8,0,0
fx-the-end,PASS,4,0.3,0.1599392361111111,1,0.23630642361111112,4,0.17894965277777777,1,0,0
fx-flash-in,PASS,4,0.9,0.28500434027777777,8,0.24672309027777778,4,0.3130859375,8,0,0
fx-glitch-in,PASS,4,0.9,0.3919270833333333,8,0.2818793402777778,4,0.5006076388888889,8,0,0
fx-film-burn,PASS,4,0.9,0.17406684027777777,1,0.336328125,4,0.1980251736111111,1,0,0
fx-shutter,PASS,4,0.9,0.24118923611111112,1,0.3930121527777778,4,0.21727430555555555,1,0,0
fx-heart-reveal,PASS,4,2.1,0.26553819444444443,8,0.1906032986111111,4,0.2173394097222222,8,0,0
fx-torn-reveal,PASS,4,1.5,0.1808810763888889,1,0.2252170138888889,4,0.19659288194444444,1,0,0
fx-disco,PASS,4,0.3,0.15826822916666666,1,0.23072916666666668,4,0.19598524305555556,1,0,0
fx-laser-show,PASS,4,0.9,0.1947265625,1,0.21163194444444444,4,0.24709201388888888,1,0,0
fx-club-lights,PASS,4,1.5,0.27955729166666665,8,0.3718315972222222,4,0.3370442708333333,8,0,0
fx-beat-zoom,PASS,4,2.1,0.18641493055555555,1,0.20805121527777778,4,0.26412760416666664,1,0,0
fx-mirror-ball,FAIL,3,0.3,0.47866753472222223,9,0.4490885416666667,5,0.4962890625,8,0,0
fx-confetti,PASS,4,0.3,0.18192274305555556,1,0.21176215277777777,4,0.25288628472222224,1,0,0
fx-colour-cycle,PASS,4,1.5,0.3443793402777778,8,0.616796875,4,0.27825520833333334,8,0,0
fx-balloons,PASS,4,0.9,0.2760199652777778,8,0.22654079861111112,4,0.24598524305555555,8,0,0
fx-earthquake,PASS,4,1.5,0.2298611111111111,8,0.2691623263888889,4,0.24717881944444445,8,0,0
fx-swirl,PASS,4,1.5,0.22473958333333333,8,0.27003038194444445,4,0.241796875,8,0,0
fx-spin,PASS,4,0.9,0.38166232638888886,8,0.243359375,4,0.2599826388888889,8,0,0
fx-bounce,PASS,4,0.3,0.21983506944444445,8,0.23897569444444444,4,0.2946831597222222,8,0,0
fx-zoom-pulse,PASS,4,2.1,0.23678385416666667,8,0.27836371527777776,4,0.24672309027777778,8,0,0
fx-heartbeat,PASS,4,0.3,0.2072482638888889,8,0.22838541666666667,4,0.2820095486111111,1,0,0
fx-light-leak,PASS,4,0.9,0.2864800347222222,8,0.21909722222222222,4,0.24203559027777777,8,0,0
fx-lens-flare,PASS,4,0.3,0.17819010416666667,8,0.2501302083333333,4,0.19828559027777778,8,0,0
fx-bokeh,PASS,4,1.5,0.18956163194444445,8,0.2345920138888889,4,0.2140842013888889,8,0,0
fx-sunbeam,PASS,4,0.3,0.1714409722222222,1,0.19633246527777778,4,0.23559027777777777,1,0,0
fx-rainbow-leak,PASS,4,2.1,0.28717447916666666,8,0.25616319444444446,4,0.29075520833333335,8,0,0
fx-bloom,PASS,4,0.9,0.2013888888888889,8,0.28825954861111114,4,0.24112413194444443,8,0,0
fx-neon-edges,FAIL,3,2.1,0.4484592013888889,9,0.48016493055555554,5,0.33988715277777776,8,0,0
fx-starburst,PASS,4,1.5,0.280078125,8,0.2955078125,4,0.28250868055555556,8,0,0
fx-split-2,PASS,4,0.9,0.3997829861111111,8,0.533984375,4,0.43546006944444443,8,0,0
fx-stack-2,PASS,4,1.5,0.19301215277777778,8,0.2234375,4,0.19674479166666667,1,0,0
fx-split-3,FAIL,0,2.1,0.6387369791666667,9,0.6141059027777778,5,0.5908203125,9,0,0
fx-grid-4,PASS,4,1.5,0.26026475694444445,8,0.3587673611111111,4,0.26026475694444445,8,0,0
fx-grid-9,PASS,4,2.1,0.15442708333333333,1,0.2635633680555556,4,0.1550998263888889,1,0,0
fx-mirror-lr,PASS,4,2.1,0.17005208333333333,1,0.5971788194444444,4,0.23042534722222222,1,0,0
fx-mirror-tb,PASS,4,2.1,0.18187934027777777,1,0.20516493055555557,4,0.16770833333333332,1,0,0
fx-kaleido-4,PASS,4,0.9,0.22118055555555555,8,0.2193576388888889,4,0.1996527777777778,1,0,0
fx-rgb-panes,PASS,4,0.9,0.16529947916666668,8,0.2582248263888889,4,0.26458333333333334,8,0,0
fx-grid-flash,PASS,4,2.1,0.3631727430555556,8,0.6160590277777778,4,0.41532118055555556,8,0,0
fx-pencil-sketch,FAIL,3,2.1,0.4723090277777778,8,0.5702690972222222,5,0.5151041666666667,9,0,0
fx-marker-lines,FAIL,1,0.9,0.41204427083333334,8,0.41193576388888886,8,0.4150390625,9,0,0
fx-spray-neon,PASS,4,1.5,0.3734809027777778,8,0.2988064236111111,4,0.23359375,8,0,0
fx-comic-print,PASS,4,0.3,0.12923177083333334,1,0.18014322916666667,4,0.11955295138888888,1,0,0
fx-chalkboard,PASS,4,2.1,0.48726128472222224,8,0.5426432291666666,4,0.3746527777777778,8,0,0
fx-scribble-frame,PASS,4,1.5,0.17927517361111112,1,0.24583333333333332,4,0.1906467013888889,1,0,0
fx-confetti-burst,FAIL,0,0.3,2.9203125,107,2.628298611111111,77,2.5649522569444443,83,0,0
fx-gold-glitter,PASS,4,0.3,0.1919487847222222,1,0.21221788194444444,4,0.25275607638888886,1,0,0
fx-heart-rain,PASS,4,2.1,0.3069878472222222,8,0.23478732638888888,4,0.23344184027777778,8,0,0
fx-bubbles,PASS,4,1.5,0.18459201388888888,1,0.2560546875,4,0.19576822916666667,1,0,0
fx-star-pop,PASS,4,2.1,0.20809461805555557,1,0.22454427083333334,4,0.25733506944444445,1,0,0
fx-petals,PASS,4,2.1,0.30494791666666665,8,0.20913628472222223,4,0.22925347222222223,8,0,0
fx-snowfall,FAIL,0,2.1,1.8296875,50,2.0463758680555557,57,2.1924696180555556,65,0,0
fx-sparkler,PASS,4,2.1,0.203515625,8,0.26024305555555555,4,0.2394314236111111,8,0,0
fx-pixelate,PASS,4,0.3,0.20238715277777777,1,0.22892795138888888,4,0.28053385416666665,1,0,0
fx-pixel-scan,PASS,4,1.5,0.18782552083333334,8,0.2327907986111111,4,0.20963541666666666,8,0,0
fx-mosaic-pulse,FAIL,3,2.1,1.9276909722222222,49,1.6858940972222223,40,1.5205295138888888,33,0,0
fx-eight-bit,FAIL,0,0.9,9.645486111111111,50,9.116666666666667,49,9.072894965277778,50,0,0
fx-pixel-sort,PASS,4,0.9,0.3310546875,8,0.3499565972222222,4,0.29778645833333334,8,0,0
fx-pixel-breakdown,PASS,4,0.9,0.29837239583333336,8,0.3679470486111111,4,0.3970269097222222,8,0,0
fx-beads,PASS,4,0.9,0.25299479166666666,1,0.22419704861111112,4,0.22020399305555555,1,0,0
fx-led-wall,PASS,4,0.9,0.2419704861111111,8,0.3105685763888889,4,0.2710720486111111,8,0,0
fx-cross-stitch,PASS,4,2.1,0.2767795138888889,8,0.2984809027777778,4,0.2203342013888889,8,0,0
fx-toy-bricks,PASS,4,0.9,0.18114149305555555,8,0.24665798611111112,4,0.23815104166666667,1,0,0
fx-pixel-glitch,PASS,4,1.5,0.1908637152777778,1,0.2181640625,4,0.26219618055555555,1,0,0
fx-rgb-split,FAIL,0,0.9,0.49765625,9,0.2701605902777778,4,0.3953125,8,0,0
fx-digital-blocks,PASS,4,1.5,0.30770399305555557,8,0.5342447916666667,4,0.16803385416666666,8,0,0
fx-vhs,FAIL,0,0.3,4.639887152777778,17,4.649631076388889,13,4.662022569444445,17,0,0
fx-scanline-jitter,PASS,4,0.3,0.40726996527777776,8,0.42098524305555557,4,0.3199001736111111,8,0,0
fx-datamosh,FAIL,1,0.9,0.46573350694444443,9,0.6710286458333333,5,0.48292100694444445,9,0,0
fx-signal-loss,FAIL,2,0.9,14.734440104166667,149,14.750607638888889,150,14.745529513888888,149,0,0
fx-chroma-wave,FAIL,0,1.5,0.5810980902777778,9,0.6212239583333333,5,0.5633246527777778,9,0,0
fx-bad-tv,FAIL,0,0.3,7.280099826388889,25,7.3238715277777775,21,7.317296006944445,25,0,0
fx-glitch-flash,PASS,4,1.5,0.25798611111111114,8,0.364453125,4,0.25798611111111114,8,0,0
fx-vhs-rewind,FAIL,1,1.5,6.413541666666666,17,6.452886284722222,17,6.456380208333333,17,0,0
fx-film-8mm,FAIL,1,0.9,11.326323784722222,33,11.420073784722222,32,11.41328125,33,0,0
fx-old-tv,FAIL,1,1.5,6.511154513888889,25,6.531293402777778,20,6.5697265625,25,0,0
fx-film-burn-leak,PASS,4,0.9,0.28726128472222223,8,0.22582465277777777,4,0.24813368055555557,8,0,0
fx-faded-print,PASS,4,1.5,0.16577690972222223,1,0.26197916666666665,4,0.18170572916666666,8,0,0
fx-seventies,FAIL,1,1.5,4.937717013888889,17,5.169357638888889,16,5.248849826388889,17,0,0
fx-dust-scratches,PASS,4,1.5,0.2478515625,1,0.2994791666666667,4,0.2678168402777778,1,0,0
fx-cmyk-print,FAIL,0,0.3,0.7028428819444444,9,2.3594618055555556,45,2.3078993055555554,49,0,0
fx-sepia-flicker,PASS,4,2.1,0.20505642361111112,8,0.3023654513888889,4,0.22395833333333334,1,0,0
fx-tr-vertical-blur,PASS,4,2.1,0.16015625,1,0.49214409722222224,4,0.23374565972222222,1,0,0
fx-tr-slam-merge,FAIL,3,2.1,0.48563368055555556,9,0.6319010416666667,5,0.4499565972222222,8,0,0
fx-tr-heat-flicks,PASS,4,2.1,0.35789930555555555,8,0.5520399305555556,4,0.4644097222222222,8,0,0
fx-tr-glare,PASS,4,2.1,0.626171875,8,0.47708333333333336,4,0.23802083333333332,8,0,0
fx-tr-cutout-scan,FAIL,3,2.1,0.5843315972222223,9,0.6019965277777778,5,0.5648220486111111,9,0,0
fx-tr-fake-zoom,PASS,4,0.3,0.34029947916666664,8,0.5690104166666666,4,0.18754340277777778,8,0,0
fx-tr-zoom-swipe,PASS,4,0.3,0.6362413194444444,8,0.3801215277777778,4,0.2584201388888889,8,0,0
fx-tr-panel-clasp,FAIL,3,0.3,0.5848524305555556,9,0.6050130208333333,5,0.5667100694444445,9,0,0
fx-tr-heatwave-flash,FAIL,3,1.5,0.4882595486111111,9,0.29802517361111114,4,0.37580295138888886,8,0,0
fx-tr-mix,PASS,4,2.1,0.6217664930555555,8,0.4739583333333333,4,0.28817274305555557,8,0,0
fx-tr-black-fade,FAIL,2,2.1,0.6445095486111111,9,0.6815321180555556,5,0.6557725694444444,9,0,0
fx-tr-white-flash,FAIL,3,1.5,0.40349392361111114,9,0.6489366319444444,4,0.3247612847222222,8,0,0
fx-tr-blur,PASS,4,0.3,0.6307942708333333,8,0.35983072916666664,4,0.2530381944444444,8,0,0
fx-tr-blink,FAIL,3,0.3,0.5899522569444444,9,0.6083767361111111,5,0.5705946180555556,9,0,0
fx-tr-pull-in,FAIL,3,2.1,0.4886067708333333,9,0.2885199652777778,4,0.37823350694444446,8,0,0
fx-tr-pull-out,PASS,4,1.5,0.3472873263888889,8,0.3748046875,4,0.49854600694444445,8,0,0
fx-tr-zoom-spin,PASS,4,2.1,0.18667534722222223,8,0.5144097222222223,4,0.25421006944444446,8,0,0
fx-tr-rotate-cw,FAIL,3,2.1,0.4693793402777778,9,0.601953125,5,0.3969184027777778,8,0,0
fx-tr-rotate-ccw,PASS,4,2.1,0.3892578125,8,0.5583984375,4,0.4642144097222222,8,0,0
fx-tr-shake,FAIL,3,1.5,0.6597222222222222,9,0.5146050347222222,4,0.27165798611111114,8,0,0
fx-tr-whip-left,FAIL,2,0.3,0.5437934027777778,9,0.6116753472222223,5,0.5313802083333333,9,0,0
fx-tr-whip-right,PASS,4,0.3,0.3336154513888889,8,0.5708550347222222,4,0.19978298611111112,8,0,0
fx-tr-whip-up,FAIL,3,0.3,0.6585286458333334,9,0.41258680555555555,4,0.2812282986111111,8,0,0
fx-tr-whip-down,FAIL,3,0.3,0.5044053819444444,9,0.5215494791666667,5,0.47758246527777776,9,0,0
fx-tr-slide-left,FAIL,2,1.5,0.5666449652777777,9,0.47890625,4,0.4815755208333333,8,0,0
fx-tr-slide-right,PASS,4,1.5,0.5165581597222222,8,0.43515625,5,0.5776909722222222,8,0,0
fx-tr-slide-up,PASS,4,2.1,0.2837890625,8,0.5531901041666667,4,0.3077473958333333,8,0,0
fx-tr-slide-down,FAIL,3,2.1,0.45611979166666666,9,0.5985243055555556,5,0.43253038194444443,8,0,0
fx-tr-squeeze,PASS,4,2.1,0.35013020833333336,8,0.5620876736111111,4,0.47736545138888886,8,0,0
fx-tr-circle,PASS,4,2.1,0.6217664930555555,8,0.4769314236111111,4,0.23170572916666668,8,0,0
fx-tr-heart,FAIL,3,2.1,0.5627387152777777,9,0.5806423611111111,5,0.54375,9,0,0
fx-tr-star,PASS,4,0.9,0.29737413194444445,8,0.5499131944444444,4,0.1626519097222222,8,0,0
fx-tr-diamond,PASS,4,0.3,0.6224609375,8,0.364453125,4,0.2521918402777778,8,0,0
fx-tr-clock,FAIL,3,0.3,0.5836371527777777,9,0.603515625,5,0.5640842013888889,9,0,0
fx-tr-blinds,PASS,4,2.1,0.44361979166666665,8,0.25991753472222223,4,0.3587456597222222,8,0,0
fx-tr-doors,PASS,4,2.1,0.34073350694444443,8,0.3620876736111111,4,0.4629991319444444,8,0,0
fx-tr-glitch,PASS,4,1.5,0.18949652777777778,8,0.5194878472222222,4,0.2534722222222222,8,0,0
fx-tr-rgb-split,FAIL,2,1.5,0.48148871527777776,9,0.6465060763888889,5,0.44939236111111114,8,0,0
fx-tr-pixelate,PASS,4,2.1,0.3668185763888889,8,0.5459201388888889,4,0.4869791666666667,8,0,0
fx-tr-swirl,FAIL,3,2.1,0.6303819444444444,9,0.5315755208333334,4,0.27884114583333336,8,0,0
fx-tr-ripple,FAIL,1,2.1,0.6236545138888889,9,0.6457899305555556,5,0.605078125,9,0,0
fx-tr-flare,FAIL,3,1.5,0.34780815972222223,9,0.5608506944444445,5,0.16924913194444444,8,0,0
fx-tr-film-burn,PASS,4,0.3,0.6224609375,8,0.3585069444444444,4,0.24709201388888888,8,0,0
fx-tr-kaleido,FAIL,2,0.3,0.5851996527777777,9,0.605859375,5,0.5670572916666666,9,0,0
fx-tr-flash-zoom,FAIL,2,2.1,0.4764322916666667,9,0.29032118055555556,4,0.38565538194444443,8,0,0
fx-tr-stripes,PASS,4,2.1,0.34029947916666664,8,0.36148003472222223,4,0.4616970486111111,8,0,0
fx-ov-glitter-rain,PASS,4,1.5,0.24290364583333332,8,0.22046440972222223,4,0.16532118055555556,8,0,0
fx-ov-gold-dust,PASS,4,2.1,0.15974392361111112,1,0.17667100694444443,1,0.2171875,1,0,0
fx-ov-bokeh-gold,PASS,4,0.9,0.1958550347222222,1,0.45186631944444444,4,0.16009114583333334,1,0,0
fx-ov-bokeh-pink,PASS,4,1.5,0.11486545138888889,1,0.16848958333333333,1,0.16595052083333334,1,0,0
fx-ov-sparks,PASS,4,2.1,0.3341145833333333,1,0.6484157986111111,4,0.1828125,1,0,0
fx-ov-embers,PASS,4,0.9,0.21812065972222222,8,0.16519097222222223,4,0.28639322916666665,8,0,0
fx-ov-smoke,PASS,4,2.1,0.24561631944444445,1,0.4603949652777778,4,0.20842013888888888,1,0,0
fx-ov-fog-white,PASS,4,1.5,0.23131510416666667,8,0.39791666666666664,4,0.21916232638888888,8,0,0
fx-ov-neon-ring,PASS,4,2.1,0.2330295138888889,1,0.2603515625,1,0.16595052083333334,1,0,0
fx-ov-neon-hearts,PASS,4,0.3,0.24776475694444444,1,0.2752604166666667,1,0.1799045138888889,1,0,0
fx-ov-galaxy,PASS,4,0.3,0.19364149305555556,1,0.244921875,3,0.18153211805555555,1,0,0
fx-ov-fireflies,PASS,4,1.5,0.23483072916666667,8,0.17886284722222223,4,0.1312282986111111,8,0,0
fx-ov-magic-dust,PASS,4,2.1,0.15963541666666667,8,0.19602864583333332,1,0.18704427083333333,1,0,0
fx-ov-swirl,PASS,4,2.1,0.1687717013888889,1,0.20557725694444445,1,0.28444010416666665,1,0,0
fx-ov-sparkle-white,PASS,4,1.5,0.21686197916666666,1,0.23934461805555557,4,0.1863064236111111,1,0,0
fx-ov-glitter,PASS,4,0.9,0.15915798611111112,1,0.32426215277777776,4,0.23298611111111112,1,0,0
fx-ov-hearts-pink,FAIL,0,0.9,2.1094835069444446,90,0.6792317708333333,20,1.3813151041666667,74,0,0
fx-ov-stars,PASS,4,2.1,0.2466796875,1,0.5134114583333333,1,0.17319878472222222,1,0,0
fx-ov-confetti,PASS,4,0.9,0.16456163194444445,1,0.12348090277777778,4,0.24915364583333333,1,0,0
fx-ov-snow,PASS,4,1.5,0.34563802083333334,8,0.2747612847222222,4,0.4583767361111111,8,0,0
fx-ov-rain,PASS,4,0.3,0.2329644097222222,8,0.32567274305555555,4,0.2142361111111111,8,0,0
fx-ov-bubbles,PASS,4,1.5,0.08407118055555556,1,0.19305555555555556,1,0.14450954861111112,1,0,0
fx-ov-leak-warm,PASS,4,1.5,0.2114800347222222,1,0.23331163194444443,4,0.23194444444444445,1,0,0
fx-ov-leak-pink,PASS,4,2.1,0.21566840277777777,8,0.2886501736111111,4,0.24754774305555555,8,0,0
fx-ov-leak-blue,PASS,4,0.3,0.2326388888888889,8,0.3530815972222222,4,0.23444010416666666,8,0,0
fx-ov-light-streaks,FAIL,0,2.1,4.424262152777778,107,5.805794270833333,134,7.389973958333333,173,0,0
fx-ov-stage-lights,PASS,4,0.9,0.14854600694444445,1,0.2560980902777778,1,0.21382378472222222,1,0,0
fx-ov-prism-flare,PASS,4,0.3,0.19303385416666666,8,0.15818142361111112,4,0.23372395833333334,1,0,0
fx-ov-flare-gold,PASS,4,0.9,0.22628038194444444,8,0.17690972222222223,4,0.26553819444444443,8,0,0
fx-ov-sun-rays,PASS,4,0.9,0.3009982638888889,8,0.277734375,4,0.18509114583333333,8,0,0
fx-ov-spotlight,PASS,4,0.9,0.23348524305555557,1,0.34294704861111114,4,0.31365017361111114,1,0,0
fx-ov-bg-purple-smoke,PASS,4,0.3,0.11957465277777778,1,0.05618489583333333,1,0.0421875,0,0,0
fx-ov-bg-pastel-ink,PASS,4,2.1,0.04240451388888889,1,1.0183376736111112,5,0.12183159722222223,1,0,0
fx-ov-bg-pink-gradient,PASS,4,0.3,0.11263020833333333,1,0.0034505208333333332,0,0.38480902777777776,1,0,0
fx-ov-bg-blue-hearts,PASS,4,2.1,0.3508029513888889,1,0.23519965277777777,1,0.18754340277777778,1,0,0
fx-ov-bg-pink-bokeh,PASS,4,0.3,0.0416015625,1,0.055512152777777775,4,0.018250868055555557,0,0,0
fx-ov-bg-golden-band,PASS,4,0.3,0.08459201388888889,1,1.1040581597222223,4,0.08498263888888889,1,0,0
fx-ov-bg-blue-smoke,PASS,4,1.5,0.11388888888888889,1,0.02847222222222222,1,0.1247829861111111,1,0,0
fx-ov-bg-soft-gradient,PASS,4,2.1,0.14468315972222223,1,0,0,0.0291015625,0,0,0
fx-ov-bg-light-wall,PASS,4,1.5,0.026106770833333334,1,0.045182291666666666,1,0.06731770833333334,1,0,0
fx-ov-bg-3d-shapes,FAIL,0,0.3,13.430360243055556,124,12.878884548611111,126,12.052408854166666,124,0,0
fx-ov-bg-red-hearts,PASS,4,0.3,0.15809461805555555,1,0.046875,4,0.04177517361111111,1,0,0
fx-ov-sc-aurora,PASS,4,0.3,0.14071180555555557,1,0.10870225694444445,1,0.087890625,1,0,0
fx-ov-sc-milky-way,PASS,4,0.3,0.23732638888888888,1,0.7169487847222222,4,0.1439236111111111,1,0,0
fx-ov-sc-sunset-sea,PASS,4,1.5,0.0576171875,1,0.18374565972222223,1,0.021419270833333334,1,0,0
fx-ov-sc-moon-dunes,PASS,4,2.1,0.20635850694444444,1,0.1044921875,1,0.13843315972222223,1,0,0
fx-ov-sc-clouds,PASS,4,2.1,0.12599826388888888,1,0.10099826388888888,1,0.3726779513888889,1,0,0
fx-ov-sc-snowy-night,PASS,4,2.1,0.1281032986111111,1,0.024696180555555555,1,0.19973958333333333,1,0,0
fx-ov-sc-ocean,PASS,4,2.1,0.0365234375,1,0.17858072916666667,1,0.03296440972222222,0,0,0
fx-ov-sc-shooting-stars,PASS,4,2.1,0.4334852430555556,8,0.44027777777777777,4,0.6835720486111111,8,0,0
fx-ov-tr-colour-wipe,PASS,4,1.5,0.17764756944444443,8,0.23331163194444443,4,0.19229600694444443,1,0,0
fx-ov-tr-diamond,FAIL,1,2.1,0.20709635416666666,1,0.2312282986111111,4,8.46796875,9,0,0
fx-ov-tr-shape-pop,PASS,4,0.9,0.2762586805555556,1,0.33274739583333335,4,0.5563151041666666,1,0,0
fx-ov-tr-glow-blob,PASS,4,0.9,1,1,0.022873263888888887,1,0.006315104166666667,0,0,0
fx-ov-tr-fire-wipe,PASS,4,2.1,0.22858072916666666,1,0.5476345486111112,3,0.28914930555555557,1,0,0
fx-ov-tr-ink,PASS,4,2.1,0.03226996527777778,1,0.030794270833333335,1,0.0474609375,1,0,0
fx-ov-tr-stripes,PASS,4,1.5,0.2740017361111111,1,0.22078993055555557,4,0.2529296875,1,0,0
fx-ov-tr-iris,PASS,4,1.5,0.21569010416666667,1,0.2312282986111111,4,0.1859375,1,0,0
fx-ov-tr-light-burst,FAIL,0,2.1,9.437738715277778,107,8.442795138888888,93,8.486371527777777,91,0,0
fx-ov-tr-scribble,FAIL,0,0.9,21.174934895833335,223,7.673068576388889,73,14.636436631944445,164,0,0
fx-ov-el-speed-lines,PASS,4,0.3,0.2673394097222222,8,0.37018229166666666,4,0.2673394097222222,8,0,0
fx-ov-el-lightning,FAIL,3,0.9,3.2256293402777776,66,2.954340277777778,69,3.213606770833333,75,0,0
fx-ov-el-moon,PASS,4,0.3,0.240234375,1,0.451171875,4,0.17417534722222222,1,0,0
fx-ov-el-smoke-puff,PASS,4,2.1,0.19563802083333334,8,0.15911458333333334,4,0.26881510416666665,1,0,0
fx-ov-el-scan-line,PASS,4,2.1,0.27081163194444446,1,0.5047309027777778,1,0.19850260416666668,1,0,0
fx-ov-el-stars-rating,PASS,4,0.9,0.18461371527777778,1,0.14884982638888888,4,0.2433376736111111,1,0,0
fx-ov-film-dust,FAIL,0,0.3,5.586805555555555,17,5.6396484375,17,5.634787326388889,17,0,0
fx-ov-grain,FAIL,0,0.3,19.137326388888887,58,19.17621527777778,56,19.137326388888887,58,0,0
fx-ov-vhs,FAIL,0,0.3,6.604383680555555,24,6.613736979166666,20,6.617664930555556,24,0,0
fx-ov-halftone,PASS,4,1.5,0.07918836805555556,1,0.24372829861111112,1,0.13962673611111112,1,0,0
fx-ov-paper,PASS,4,0.9,0.194140625,8,0.35186631944444446,4,0.27291666666666664,8,0,0
fx-ov-burnt-edges,PASS,4,2.1,0.20203993055555555,8,0.14982638888888888,4,0.2525390625,1,0,0
fx-ov-frame-film,PASS,4,0.9,0.2033203125,1,0.29542100694444445,4,0.21436631944444445,1,0,0
fx-ov-frame-polaroid,PASS,4,1.5,0.21773003472222222,1,0.2601996527777778,4,0.16234809027777777,1,0,0
fx-ov-frame-neon-pink,PASS,4,2.1,0.29639756944444445,1,0.5936197916666667,4,0.26328125,1,0,0
fx-ov-frame-neon-blue,PASS,4,2.1,0.21807725694444444,8,0.230078125,4,0.17745225694444444,8,0,0
fx-ov-frame-neon-gold,PASS,4,2.1,0.23359375,8,0.3564670138888889,4,0.20538194444444444,8,0,0
fx-ov-frame-rec,PASS,4,1.5,0.07135416666666666,1,0.20132378472222223,1,0.13743489583333332,1,0,0
fx-ov-frame-vignette,PASS,4,2.1,0.14772135416666668,8,0.13802083333333334,4,0.13543836805555556,8,0,0
fx-ov-frame-grid,PASS,4,0.9,0.16306423611111112,1,0.12183159722222223,4,0.24680989583333332,1,0,0
fx-ov-leak-green,PASS,4,0.3,0.25909288194444446,1,0.3099392361111111,4,0.18391927083333334,1,0,0
fx-ov-leak-purple,PASS,4,0.3,0.2008029513888889,1,0.42595486111111114,4,0.16276041666666666,1,0,0
fx-ov-leak-red,PASS,4,0.3,0.19832899305555557,1,0.42595486111111114,4,0.19618055555555555,1,0,0
fx-ov-flare-blue,PASS,4,1.5,0.22593315972222222,8,0.27947048611111114,4,0.22925347222222223,8,0,0
fx-ov-lightning,PASS,4,1.5,0.21569010416666667,1,0.2312282986111111,4,0.1859375,1,0,0
fx-ov-bokeh-blue,PASS,4,1.5,0.11024305555555555,1,0.1648220486111111,1,0.16473524305555556,1,0,0
fx-ov-bokeh-rainbow,PASS,4,1.5,0.11024305555555555,1,0.1827907986111111,1,0.1533203125,1,0,0
fx-ov-sparkle-pink,PASS,4,0.3,0.1960720486111111,1,0.4857638888888889,1,0.13682725694444445,1,0,0
fx-ov-sparkle-blue,PASS,4,0.3,0.19351128472222223,1,0.48626302083333334,1,0.13667534722222222,1,0,0
fx-ov-hearts-red,FAIL,0,0.9,2.1094835069444446,90,0.7109157986111111,20,0.7353081597222222,25,0,0
fx-ov-fog-pink,PASS,4,2.1,0.21434461805555555,8,0.28628472222222223,4,0.2144748263888889,8,0,0
fx-ov-fog-blue,PASS,4,0.3,0.23185763888888888,8,0.2737630208333333,4,0.21302083333333333,8,0,0
fx-ov-wash-sunset,PASS,4,0.9,0.15577256944444445,1,0.10115017361111112,4,0.20930989583333334,1,0,0
fx-ov-wash-ocean,PASS,4,0.3,0.15010850694444444,8,0.08255208333333333,4,0.06371527777777777,1,0,0
fx-ov-wash-rose,PASS,4,1.5,0.15577256944444445,1,0.22074652777777778,4,0.14244791666666667,1,0,0
fx-ov-wash-neon,PASS,4,1.5,0.17779947916666666,1,0.24420572916666666,4,0.06508246527777778,1,0,0
fx-ov-wash-gold,PASS,4,0.9,0.15516493055555555,1,0.107421875,4,0.20930989583333334,1,0,0
fx-ov-rainbow,PASS,4,0.3,0.16825086805555556,8,0.17172309027777777,4,0.2673611111111111,8,0,0
fx-ov-frame-neon-green,PASS,4,0.9,0.14839409722222222,1,0.09253472222222223,1,0.184375,1,0,0
