backend,storage,id,time,strictPassed,rawRgbaSha256,rgbaSha256,R_mae8,R_p99_8,G_mae8,G_p99_8,B_mae8,B_p99_8,A_mae8,A_p99_8
hardware,rgba-unsized,fx-ov-tr-diamond,0.3,False,b00fe6c537cc65179c80cd9a534197d4c7837f0131748459d6adbd797c79462b,855cce38c6f4235e6e4000c018e88475ae27244e9a2f3e9da9f8749c698cd49a,0,0,0,0,8.4203125,9,0,0
hardware,rgba-unsized,fx-ov-tr-diamond,0.9,False,0088b6396fd504f847cd325af760719b59ba59379b21f04d0fd74b770ae6e287,17dfd66c58cc5692f07d2970d7a4270f14bf5e9cdfd02d4052fdd094311e5096,0,0,0,0,7.79765625,9,0,0
hardware,rgba-unsized,fx-ov-tr-diamond,1.5,True,001293b859ec8522fe68141a4a2dbf9eede1cf86886c3bdc464465d2c51f5a23,a7b05f004c48e7e1a4e3ad7cff92ab7001abe58e2ca0967081725a0d9602ba57,0.06872829861111111,0,0.05759548611111111,4,0.06345486111111111,0,0,0
hardware,rgba-unsized,fx-ov-tr-diamond,2.1,False,240213e5dde201e37aa2fbcb8eaa84ae7fba2513c835645d9ff6e333c5538271,545d065c1299cfc939993472cbb67cc3795db5109a1ff2d788fa793c4ba99ec5,0,0,0,0,8.46796875,9,0,0
hardware,rgba-unsized,fx-cmyk-print,0.3,False,7ec1cfd9e8578f6f3e8dda0a04a6d5106b42e1f55000932bd01ce286f6e5a532,4b41d56a24c717eb447d2f582a4587032d144a1a9a0da6f3ccc3d01008985fda,0.5034722222222222,9,2.1127821180555557,45,2.107986111111111,49,0,0
hardware,rgba-unsized,fx-cmyk-print,0.9,False,e736feb6387afa0d1a3f6cfaecdf27090c8e0c9ec2dee443e0d464f567062071,de6c00fb133d5d75644ac8014fb763e0df39d4ae2ce4c55dba9446c097f00e46,0.4972005208333333,9,2.0960286458333335,45,2.103515625,49,0,0
hardware,rgba-unsized,fx-cmyk-print,1.5,False,ed42075e6eb0679bb0a2cdb93eb7b5158bdbe7baee409a3e0eaae54d6fe16688,24ec2e7ebeca43b1079ad8ae533aac7e9ba08e3a2df01126fae3eb550b2afdbb,0.4850043402777778,9,2.041276041666667,45,2.094596354166667,42,0,0
hardware,rgba-unsized,fx-cmyk-print,2.1,False,7794ef9811cd38bd4ebc3f54f4d544d6a1bad8fb16adaa0b1b264cfcac4ce602,97551204d18c7e530a7096d854fa7bec6d6d118bf9255ffef9f85d008205e363,0.49919704861111114,9,2.078537326388889,45,2.069704861111111,42,0,0
hardware,rgba-unsized,fx-mosaic-pulse,0.3,True,7ab947b4bb5205d52206d00969329bb5a10e095dcb3493cb9c61c421badae450,f88ccb85b12e53a23e071f43552dd66e4641d44b59b6213c437fffa77b4735f5,0.08394097222222222,8,0.07957899305555556,4,0.07087673611111112,0,0,0
hardware,rgba-unsized,fx-mosaic-pulse,0.9,True,c5050b8dc63c0cba872d5214ef53780d4fcce0199aa4ac5f89abe8fd4ee54ec7,00936e447e6d9dd476b479cc791850d81aed7087c78ee0bb0be59921fa972487,0.07081163194444444,0,0.07567274305555556,4,0.06134982638888889,0,0,0
hardware,rgba-unsized,fx-mosaic-pulse,1.5,True,a1ca091a9d95b7b0fcb9cc0ffdcc9875501cef0a1442573b405c3d77910ed30d,8beadc42a1da393c73ae2886b8cb0c48e50082a1cf3d925341859fde3b981a26,0.0615234375,0,0.113671875,4,0.0661892361111111,0,0,0
hardware,rgba-unsized,fx-mosaic-pulse,2.1,False,6dae01d095bc3d605012fcb51cbabac00431fdd757c08d272f360da4f04c19b2,0f592ee95096b10f6757330b295b79567b36b198e46e1599621d65ecd61e8e44,1.6962239583333334,49,1.533203125,40,1.3585286458333334,33,0,0
hardware,rgba-unsized,fx-pb-pixel-creation,0.3,True,180e9414ef47e80bc3654924b085b6b219bcc12184c3e459ade45abd95094c1a,0fb9655fb69cb270e912d7a403f897ac0c9c9fe75ec8d1ac17afda5d1feaf956,0.09040798611111112,8,0.06922743055555555,4,0.039778645833333334,0,0,0
hardware,rgba-unsized,fx-pb-pixel-creation,0.9,True,5c60f5b3e4a5020d2982758fc24e955159e83a2ed17457a2134bc52a61ba5f70,cacdb848c543f64d31f7a80bddb3d2f9418a626e5f0828bb459558650739beb3,0.06156684027777778,0,0.07615017361111111,4,0.06453993055555556,0,0,0
hardware,rgba-unsized,fx-pb-pixel-creation,1.5,False,74dd02cca620d45a4b4a4d30164f2572c04881acecf2253989764675da27e6c6,aab97388c8d3a7d7e90e6528c5eee5bc912d956982ca6ebca96b8a758b874045,1.5478081597222222,49,1.4865885416666667,45,1.3789713541666666,41,0,0
hardware,rgba-unsized,fx-pb-pixel-creation,2.1,True,6703ed8915918487bc8da00d059bca30ca9ee99b50b41afd0782825480486fb0,509dfbf0e76c6d52893b025fd315e17007e5b702da6428475cfed0e39b076545,0.055989583333333336,0,0.015885416666666666,0,0.013302951388888888,0,0,0
hardware,rgba-unsized,fx-carousel,0.3,False,1d1b9f5771dda32eeb49b2e357390161149198bf72015334a973d45b325e602b,9b5055b288d4a68115604f7746b8a83566ae222d7549b9d00c8fa58d66975941,0.7464409722222223,9,0.7569010416666667,12,0.7310329861111111,9,0,0
hardware,rgba-unsized,fx-carousel,0.9,False,9833ce9046ca65ee9c45938bb913ed3b6381684ea10410185a91ec1a12872f8f,e4422736f5832716fa5e0ddf3288183d16f8ab855c8c572b8f380ff99bf060db,0.9615234375,9,0.9477864583333333,12,0.9264973958333333,9,0,0
hardware,rgba-unsized,fx-carousel,1.5,False,cec5897da1d66d22e67ecac6946a129d4734574dbf536c8c9ce8c39bf33f9a0c,bf3cd56edbf193bb956422fed3cfd7c8d6f745ceccc702ed3636ae775f6e592c,0.7439453125,9,0.7456163194444444,8,0.7192057291666667,9,0,0
hardware,rgba-unsized,fx-carousel,2.1,False,05cbb23bce29f0892cdd36ac4605a830623402b65743dcf0d1a96c5b4d60c0e1,0ea9d72de48a4768ced42d841df818e9f714e13fc98dd85c30a93c6645eb53ce,0.5244140625,9,0.5282986111111111,8,0.48723958333333334,9,0,0
hardware,rgba-unsized,fx-ne-edges,0.3,False,12d06934797c1ef0a9338a242437a8866bfd435e2955ddd5da9029d74f45d53d,ce4e86c35f1e1907cc988cf068ab2941980dcca297b56b25e4ffb033f645bd58,0.3381076388888889,8,0.29268663194444444,4,0.43116319444444445,9,0,0
hardware,rgba-unsized,fx-ne-edges,0.9,False,4aa8321f842f574d5ca31efdaae2e379358aa7ff1939f8a44a2dd76c14fa7328,8d1b89e91cb1749c59704ae1e35c8210e6064a954da93475582cce6a0ab2464f,0.3434244791666667,8,0.24010416666666667,4,0.4040581597222222,9,0,0
hardware,rgba-unsized,fx-ne-edges,1.5,False,b7d36373394d94c3f263b78613ad71674de6394c5de2cea15f7e258d13b3fb58,6114f8f77c4fdc0d270f017f485d2351bf20fdfc2e4d0fcc1c621ed26a542fbe,0.33980034722222224,8,0.2545572916666667,4,0.4061414930555556,9,0,0
hardware,rgba-unsized,fx-ne-edges,2.1,False,0cfb5f2507a904f40f94abdbaf2748ba1ff440a0e8f88757e6d25dc997f3e5a8,cc7444a234c9f4751b0464f80e725efe024f3f888772cfc044f377eec9ae9b83,0.29225260416666665,8,0.27921006944444443,4,0.4217447916666667,9,0,0
hardware,rgba-unsized,fx-cc-dance-flash,0.3,False,efa082547ef3e8c9dac4cfc1cc546398d05f478fc025d097f241e3bd206899e0,afffa4415a7a545d3525655e4570f4b7a36a2b6bca3745c11c0ac619e305d852,0.3417751736111111,9,0.24184027777777778,4,0.2750434027777778,8,0,0
hardware,rgba-unsized,fx-cc-dance-flash,0.9,True,3d2dccdeac074042879b83191b38f803190a38516604b24fc0dceba47011d654,db2508f2cd1923ee327b0e2fac2a73ef584d3d86e67132878ee6d85ff2a2368d,0.3532769097222222,8,0.22584635416666668,4,0.26360677083333334,8,0,0
hardware,rgba-unsized,fx-cc-dance-flash,1.5,True,b4cdc294d49750ea98ec8dec242cdbc3153c05560bffa1912162a34ebadaca18,417f0f83ba65cc4535e24d3f6c969240a5624549662ab9a09c8f72b9492c9bb8,0.33023003472222223,8,0.246484375,4,0.2631076388888889,8,0,0
hardware,rgba-unsized,fx-cc-dance-flash,2.1,True,a447184153989c421b099be662b3ae433cd262e3d56638487a7c8b2e6dcb582e,ee4be3dfccef5ca25088810a5ddb7ae9d565125753fc76b34bf397603a8f3798,0.3396050347222222,8,0.2330295138888889,4,0.2772135416666667,8,0,0
hardware,rgba8-sized,fx-ov-tr-diamond,0.3,False,b00fe6c537cc65179c80cd9a534197d4c7837f0131748459d6adbd797c79462b,855cce38c6f4235e6e4000c018e88475ae27244e9a2f3e9da9f8749c698cd49a,0,0,0,0,8.4203125,9,0,0
hardware,rgba8-sized,fx-ov-tr-diamond,0.9,False,0088b6396fd504f847cd325af760719b59ba59379b21f04d0fd74b770ae6e287,17dfd66c58cc5692f07d2970d7a4270f14bf5e9cdfd02d4052fdd094311e5096,0,0,0,0,7.79765625,9,0,0
hardware,rgba8-sized,fx-ov-tr-diamond,1.5,True,001293b859ec8522fe68141a4a2dbf9eede1cf86886c3bdc464465d2c51f5a23,a7b05f004c48e7e1a4e3ad7cff92ab7001abe58e2ca0967081725a0d9602ba57,0.06872829861111111,0,0.05759548611111111,4,0.06345486111111111,0,0,0
hardware,rgba8-sized,fx-ov-tr-diamond,2.1,False,240213e5dde201e37aa2fbcb8eaa84ae7fba2513c835645d9ff6e333c5538271,545d065c1299cfc939993472cbb67cc3795db5109a1ff2d788fa793c4ba99ec5,0,0,0,0,8.46796875,9,0,0
hardware,rgba8-sized,fx-cmyk-print,0.3,False,7ec1cfd9e8578f6f3e8dda0a04a6d5106b42e1f55000932bd01ce286f6e5a532,4b41d56a24c717eb447d2f582a4587032d144a1a9a0da6f3ccc3d01008985fda,0.5034722222222222,9,2.1127821180555557,45,2.107986111111111,49,0,0
hardware,rgba8-sized,fx-cmyk-print,0.9,False,e736feb6387afa0d1a3f6cfaecdf27090c8e0c9ec2dee443e0d464f567062071,de6c00fb133d5d75644ac8014fb763e0df39d4ae2ce4c55dba9446c097f00e46,0.4972005208333333,9,2.0960286458333335,45,2.103515625,49,0,0
hardware,rgba8-sized,fx-cmyk-print,1.5,False,ed42075e6eb0679bb0a2cdb93eb7b5158bdbe7baee409a3e0eaae54d6fe16688,24ec2e7ebeca43b1079ad8ae533aac7e9ba08e3a2df01126fae3eb550b2afdbb,0.4850043402777778,9,2.041276041666667,45,2.094596354166667,42,0,0
hardware,rgba8-sized,fx-cmyk-print,2.1,False,7794ef9811cd38bd4ebc3f54f4d544d6a1bad8fb16adaa0b1b264cfcac4ce602,97551204d18c7e530a7096d854fa7bec6d6d118bf9255ffef9f85d008205e363,0.49919704861111114,9,2.078537326388889,45,2.069704861111111,42,0,0
hardware,rgba8-sized,fx-mosaic-pulse,0.3,True,7ab947b4bb5205d52206d00969329bb5a10e095dcb3493cb9c61c421badae450,f88ccb85b12e53a23e071f43552dd66e4641d44b59b6213c437fffa77b4735f5,0.08394097222222222,8,0.07957899305555556,4,0.07087673611111112,0,0,0
hardware,rgba8-sized,fx-mosaic-pulse,0.9,True,c5050b8dc63c0cba872d5214ef53780d4fcce0199aa4ac5f89abe8fd4ee54ec7,00936e447e6d9dd476b479cc791850d81aed7087c78ee0bb0be59921fa972487,0.07081163194444444,0,0.07567274305555556,4,0.06134982638888889,0,0,0
hardware,rgba8-sized,fx-mosaic-pulse,1.5,True,a1ca091a9d95b7b0fcb9cc0ffdcc9875501cef0a1442573b405c3d77910ed30d,8beadc42a1da393c73ae2886b8cb0c48e50082a1cf3d925341859fde3b981a26,0.0615234375,0,0.113671875,4,0.0661892361111111,0,0,0
hardware,rgba8-sized,fx-mosaic-pulse,2.1,False,6dae01d095bc3d605012fcb51cbabac00431fdd757c08d272f360da4f04c19b2,0f592ee95096b10f6757330b295b79567b36b198e46e1599621d65ecd61e8e44,1.6962239583333334,49,1.533203125,40,1.3585286458333334,33,0,0
hardware,rgba8-sized,fx-pb-pixel-creation,0.3,True,180e9414ef47e80bc3654924b085b6b219bcc12184c3e459ade45abd95094c1a,0fb9655fb69cb270e912d7a403f897ac0c9c9fe75ec8d1ac17afda5d1feaf956,0.09040798611111112,8,0.06922743055555555,4,0.039778645833333334,0,0,0
hardware,rgba8-sized,fx-pb-pixel-creation,0.9,True,5c60f5b3e4a5020d2982758fc24e955159e83a2ed17457a2134bc52a61ba5f70,cacdb848c543f64d31f7a80bddb3d2f9418a626e5f0828bb459558650739beb3,0.06156684027777778,0,0.07615017361111111,4,0.06453993055555556,0,0,0
hardware,rgba8-sized,fx-pb-pixel-creation,1.5,False,74dd02cca620d45a4b4a4d30164f2572c04881acecf2253989764675da27e6c6,aab97388c8d3a7d7e90e6528c5eee5bc912d956982ca6ebca96b8a758b874045,1.5478081597222222,49,1.4865885416666667,45,1.3789713541666666,41,0,0
hardware,rgba8-sized,fx-pb-pixel-creation,2.1,True,6703ed8915918487bc8da00d059bca30ca9ee99b50b41afd0782825480486fb0,509dfbf0e76c6d52893b025fd315e17007e5b702da6428475cfed0e39b076545,0.055989583333333336,0,0.015885416666666666,0,0.013302951388888888,0,0,0
hardware,rgba8-sized,fx-carousel,0.3,False,1d1b9f5771dda32eeb49b2e357390161149198bf72015334a973d45b325e602b,9b5055b288d4a68115604f7746b8a83566ae222d7549b9d00c8fa58d66975941,0.7464409722222223,9,0.7569010416666667,12,0.7310329861111111,9,0,0
hardware,rgba8-sized,fx-carousel,0.9,False,9833ce9046ca65ee9c45938bb913ed3b6381684ea10410185a91ec1a12872f8f,e4422736f5832716fa5e0ddf3288183d16f8ab855c8c572b8f380ff99bf060db,0.9615234375,9,0.9477864583333333,12,0.9264973958333333,9,0,0
hardware,rgba8-sized,fx-carousel,1.5,False,cec5897da1d66d22e67ecac6946a129d4734574dbf536c8c9ce8c39bf33f9a0c,bf3cd56edbf193bb956422fed3cfd7c8d6f745ceccc702ed3636ae775f6e592c,0.7439453125,9,0.7456163194444444,8,0.7192057291666667,9,0,0
hardware,rgba8-sized,fx-carousel,2.1,False,05cbb23bce29f0892cdd36ac4605a830623402b65743dcf0d1a96c5b4d60c0e1,0ea9d72de48a4768ced42d841df818e9f714e13fc98dd85c30a93c6645eb53ce,0.5244140625,9,0.5282986111111111,8,0.48723958333333334,9,0,0
hardware,rgba8-sized,fx-ne-edges,0.3,False,12d06934797c1ef0a9338a242437a8866bfd435e2955ddd5da9029d74f45d53d,ce4e86c35f1e1907cc988cf068ab2941980dcca297b56b25e4ffb033f645bd58,0.3381076388888889,8,0.29268663194444444,4,0.43116319444444445,9,0,0
hardware,rgba8-sized,fx-ne-edges,0.9,False,4aa8321f842f574d5ca31efdaae2e379358aa7ff1939f8a44a2dd76c14fa7328,8d1b89e91cb1749c59704ae1e35c8210e6064a954da93475582cce6a0ab2464f,0.3434244791666667,8,0.24010416666666667,4,0.4040581597222222,9,0,0
hardware,rgba8-sized,fx-ne-edges,1.5,False,b7d36373394d94c3f263b78613ad71674de6394c5de2cea15f7e258d13b3fb58,6114f8f77c4fdc0d270f017f485d2351bf20fdfc2e4d0fcc1c621ed26a542fbe,0.33980034722222224,8,0.2545572916666667,4,0.4061414930555556,9,0,0
hardware,rgba8-sized,fx-ne-edges,2.1,False,0cfb5f2507a904f40f94abdbaf2748ba1ff440a0e8f88757e6d25dc997f3e5a8,cc7444a234c9f4751b0464f80e725efe024f3f888772cfc044f377eec9ae9b83,0.29225260416666665,8,0.27921006944444443,4,0.4217447916666667,9,0,0
hardware,rgba8-sized,fx-cc-dance-flash,0.3,False,efa082547ef3e8c9dac4cfc1cc546398d05f478fc025d097f241e3bd206899e0,afffa4415a7a545d3525655e4570f4b7a36a2b6bca3745c11c0ac619e305d852,0.3417751736111111,9,0.24184027777777778,4,0.2750434027777778,8,0,0
hardware,rgba8-sized,fx-cc-dance-flash,0.9,True,3d2dccdeac074042879b83191b38f803190a38516604b24fc0dceba47011d654,db2508f2cd1923ee327b0e2fac2a73ef584d3d86e67132878ee6d85ff2a2368d,0.3532769097222222,8,0.22584635416666668,4,0.26360677083333334,8,0,0
hardware,rgba8-sized,fx-cc-dance-flash,1.5,True,b4cdc294d49750ea98ec8dec242cdbc3153c05560bffa1912162a34ebadaca18,417f0f83ba65cc4535e24d3f6c969240a5624549662ab9a09c8f72b9492c9bb8,0.33023003472222223,8,0.246484375,4,0.2631076388888889,8,0,0
hardware,rgba8-sized,fx-cc-dance-flash,2.1,True,a447184153989c421b099be662b3ae433cd262e3d56638487a7c8b2e6dcb582e,ee4be3dfccef5ca25088810a5ddb7ae9d565125753fc76b34bf397603a8f3798,0.3396050347222222,8,0.2330295138888889,4,0.2772135416666667,8,0,0
hardware,bgra-unsized,fx-ov-tr-diamond,0.3,False,b00fe6c537cc65179c80cd9a534197d4c7837f0131748459d6adbd797c79462b,855cce38c6f4235e6e4000c018e88475ae27244e9a2f3e9da9f8749c698cd49a,0,0,0,0,8.4203125,9,0,0
hardware,bgra-unsized,fx-ov-tr-diamond,0.9,False,0088b6396fd504f847cd325af760719b59ba59379b21f04d0fd74b770ae6e287,17dfd66c58cc5692f07d2970d7a4270f14bf5e9cdfd02d4052fdd094311e5096,0,0,0,0,7.79765625,9,0,0
hardware,bgra-unsized,fx-ov-tr-diamond,1.5,True,001293b859ec8522fe68141a4a2dbf9eede1cf86886c3bdc464465d2c51f5a23,a7b05f004c48e7e1a4e3ad7cff92ab7001abe58e2ca0967081725a0d9602ba57,0.06872829861111111,0,0.05759548611111111,4,0.06345486111111111,0,0,0
hardware,bgra-unsized,fx-ov-tr-diamond,2.1,False,240213e5dde201e37aa2fbcb8eaa84ae7fba2513c835645d9ff6e333c5538271,545d065c1299cfc939993472cbb67cc3795db5109a1ff2d788fa793c4ba99ec5,0,0,0,0,8.46796875,9,0,0
hardware,bgra-unsized,fx-cmyk-print,0.3,False,7ec1cfd9e8578f6f3e8dda0a04a6d5106b42e1f55000932bd01ce286f6e5a532,4b41d56a24c717eb447d2f582a4587032d144a1a9a0da6f3ccc3d01008985fda,0.5034722222222222,9,2.1127821180555557,45,2.107986111111111,49,0,0
hardware,bgra-unsized,fx-cmyk-print,0.9,False,e736feb6387afa0d1a3f6cfaecdf27090c8e0c9ec2dee443e0d464f567062071,de6c00fb133d5d75644ac8014fb763e0df39d4ae2ce4c55dba9446c097f00e46,0.4972005208333333,9,2.0960286458333335,45,2.103515625,49,0,0
hardware,bgra-unsized,fx-cmyk-print,1.5,False,ed42075e6eb0679bb0a2cdb93eb7b5158bdbe7baee409a3e0eaae54d6fe16688,24ec2e7ebeca43b1079ad8ae533aac7e9ba08e3a2df01126fae3eb550b2afdbb,0.4850043402777778,9,2.041276041666667,45,2.094596354166667,42,0,0
hardware,bgra-unsized,fx-cmyk-print,2.1,False,7794ef9811cd38bd4ebc3f54f4d544d6a1bad8fb16adaa0b1b264cfcac4ce602,97551204d18c7e530a7096d854fa7bec6d6d118bf9255ffef9f85d008205e363,0.49919704861111114,9,2.078537326388889,45,2.069704861111111,42,0,0
hardware,bgra-unsized,fx-mosaic-pulse,0.3,True,7ab947b4bb5205d52206d00969329bb5a10e095dcb3493cb9c61c421badae450,f88ccb85b12e53a23e071f43552dd66e4641d44b59b6213c437fffa77b4735f5,0.08394097222222222,8,0.07957899305555556,4,0.07087673611111112,0,0,0
hardware,bgra-unsized,fx-mosaic-pulse,0.9,True,c5050b8dc63c0cba872d5214ef53780d4fcce0199aa4ac5f89abe8fd4ee54ec7,00936e447e6d9dd476b479cc791850d81aed7087c78ee0bb0be59921fa972487,0.07081163194444444,0,0.07567274305555556,4,0.06134982638888889,0,0,0
hardware,bgra-unsized,fx-mosaic-pulse,1.5,True,a1ca091a9d95b7b0fcb9cc0ffdcc9875501cef0a1442573b405c3d77910ed30d,8beadc42a1da393c73ae2886b8cb0c48e50082a1cf3d925341859fde3b981a26,0.0615234375,0,0.113671875,4,0.0661892361111111,0,0,0
hardware,bgra-unsized,fx-mosaic-pulse,2.1,False,6dae01d095bc3d605012fcb51cbabac00431fdd757c08d272f360da4f04c19b2,0f592ee95096b10f6757330b295b79567b36b198e46e1599621d65ecd61e8e44,1.6962239583333334,49,1.533203125,40,1.3585286458333334,33,0,0
hardware,bgra-unsized,fx-pb-pixel-creation,0.3,True,180e9414ef47e80bc3654924b085b6b219bcc12184c3e459ade45abd95094c1a,0fb9655fb69cb270e912d7a403f897ac0c9c9fe75ec8d1ac17afda5d1feaf956,0.09040798611111112,8,0.06922743055555555,4,0.039778645833333334,0,0,0
hardware,bgra-unsized,fx-pb-pixel-creation,0.9,True,5c60f5b3e4a5020d2982758fc24e955159e83a2ed17457a2134bc52a61ba5f70,cacdb848c543f64d31f7a80bddb3d2f9418a626e5f0828bb459558650739beb3,0.06156684027777778,0,0.07615017361111111,4,0.06453993055555556,0,0,0
hardware,bgra-unsized,fx-pb-pixel-creation,1.5,False,74dd02cca620d45a4b4a4d30164f2572c04881acecf2253989764675da27e6c6,aab97388c8d3a7d7e90e6528c5eee5bc912d956982ca6ebca96b8a758b874045,1.5478081597222222,49,1.4865885416666667,45,1.3789713541666666,41,0,0
hardware,bgra-unsized,fx-pb-pixel-creation,2.1,True,6703ed8915918487bc8da00d059bca30ca9ee99b50b41afd0782825480486fb0,509dfbf0e76c6d52893b025fd315e17007e5b702da6428475cfed0e39b076545,0.055989583333333336,0,0.015885416666666666,0,0.013302951388888888,0,0,0
hardware,bgra-unsized,fx-carousel,0.3,False,1d1b9f5771dda32eeb49b2e357390161149198bf72015334a973d45b325e602b,9b5055b288d4a68115604f7746b8a83566ae222d7549b9d00c8fa58d66975941,0.7464409722222223,9,0.7569010416666667,12,0.7310329861111111,9,0,0
hardware,bgra-unsized,fx-carousel,0.9,False,9833ce9046ca65ee9c45938bb913ed3b6381684ea10410185a91ec1a12872f8f,e4422736f5832716fa5e0ddf3288183d16f8ab855c8c572b8f380ff99bf060db,0.9615234375,9,0.9477864583333333,12,0.9264973958333333,9,0,0
hardware,bgra-unsized,fx-carousel,1.5,False,cec5897da1d66d22e67ecac6946a129d4734574dbf536c8c9ce8c39bf33f9a0c,bf3cd56edbf193bb956422fed3cfd7c8d6f745ceccc702ed3636ae775f6e592c,0.7439453125,9,0.7456163194444444,8,0.7192057291666667,9,0,0
hardware,bgra-unsized,fx-carousel,2.1,False,05cbb23bce29f0892cdd36ac4605a830623402b65743dcf0d1a96c5b4d60c0e1,0ea9d72de48a4768ced42d841df818e9f714e13fc98dd85c30a93c6645eb53ce,0.5244140625,9,0.5282986111111111,8,0.48723958333333334,9,0,0
hardware,bgra-unsized,fx-ne-edges,0.3,False,12d06934797c1ef0a9338a242437a8866bfd435e2955ddd5da9029d74f45d53d,ce4e86c35f1e1907cc988cf068ab2941980dcca297b56b25e4ffb033f645bd58,0.3381076388888889,8,0.29268663194444444,4,0.43116319444444445,9,0,0
hardware,bgra-unsized,fx-ne-edges,0.9,False,4aa8321f842f574d5ca31efdaae2e379358aa7ff1939f8a44a2dd76c14fa7328,8d1b89e91cb1749c59704ae1e35c8210e6064a954da93475582cce6a0ab2464f,0.3434244791666667,8,0.24010416666666667,4,0.4040581597222222,9,0,0
hardware,bgra-unsized,fx-ne-edges,1.5,False,b7d36373394d94c3f263b78613ad71674de6394c5de2cea15f7e258d13b3fb58,6114f8f77c4fdc0d270f017f485d2351bf20fdfc2e4d0fcc1c621ed26a542fbe,0.33980034722222224,8,0.2545572916666667,4,0.4061414930555556,9,0,0
hardware,bgra-unsized,fx-ne-edges,2.1,False,0cfb5f2507a904f40f94abdbaf2748ba1ff440a0e8f88757e6d25dc997f3e5a8,cc7444a234c9f4751b0464f80e725efe024f3f888772cfc044f377eec9ae9b83,0.29225260416666665,8,0.27921006944444443,4,0.4217447916666667,9,0,0
hardware,bgra-unsized,fx-cc-dance-flash,0.3,False,efa082547ef3e8c9dac4cfc1cc546398d05f478fc025d097f241e3bd206899e0,afffa4415a7a545d3525655e4570f4b7a36a2b6bca3745c11c0ac619e305d852,0.3417751736111111,9,0.24184027777777778,4,0.2750434027777778,8,0,0
hardware,bgra-unsized,fx-cc-dance-flash,0.9,True,3d2dccdeac074042879b83191b38f803190a38516604b24fc0dceba47011d654,db2508f2cd1923ee327b0e2fac2a73ef584d3d86e67132878ee6d85ff2a2368d,0.3532769097222222,8,0.22584635416666668,4,0.26360677083333334,8,0,0
hardware,bgra-unsized,fx-cc-dance-flash,1.5,True,b4cdc294d49750ea98ec8dec242cdbc3153c05560bffa1912162a34ebadaca18,417f0f83ba65cc4535e24d3f6c969240a5624549662ab9a09c8f72b9492c9bb8,0.33023003472222223,8,0.246484375,4,0.2631076388888889,8,0,0
hardware,bgra-unsized,fx-cc-dance-flash,2.1,True,a447184153989c421b099be662b3ae433cd262e3d56638487a7c8b2e6dcb582e,ee4be3dfccef5ca25088810a5ddb7ae9d565125753fc76b34bf397603a8f3798,0.3396050347222222,8,0.2330295138888889,4,0.2772135416666667,8,0,0
hardware,bgra8-sized,fx-ov-tr-diamond,0.3,False,b00fe6c537cc65179c80cd9a534197d4c7837f0131748459d6adbd797c79462b,855cce38c6f4235e6e4000c018e88475ae27244e9a2f3e9da9f8749c698cd49a,0,0,0,0,8.4203125,9,0,0
hardware,bgra8-sized,fx-ov-tr-diamond,0.9,False,0088b6396fd504f847cd325af760719b59ba59379b21f04d0fd74b770ae6e287,17dfd66c58cc5692f07d2970d7a4270f14bf5e9cdfd02d4052fdd094311e5096,0,0,0,0,7.79765625,9,0,0
hardware,bgra8-sized,fx-ov-tr-diamond,1.5,True,001293b859ec8522fe68141a4a2dbf9eede1cf86886c3bdc464465d2c51f5a23,a7b05f004c48e7e1a4e3ad7cff92ab7001abe58e2ca0967081725a0d9602ba57,0.06872829861111111,0,0.05759548611111111,4,0.06345486111111111,0,0,0
hardware,bgra8-sized,fx-ov-tr-diamond,2.1,False,240213e5dde201e37aa2fbcb8eaa84ae7fba2513c835645d9ff6e333c5538271,545d065c1299cfc939993472cbb67cc3795db5109a1ff2d788fa793c4ba99ec5,0,0,0,0,8.46796875,9,0,0
hardware,bgra8-sized,fx-cmyk-print,0.3,False,7ec1cfd9e8578f6f3e8dda0a04a6d5106b42e1f55000932bd01ce286f6e5a532,4b41d56a24c717eb447d2f582a4587032d144a1a9a0da6f3ccc3d01008985fda,0.5034722222222222,9,2.1127821180555557,45,2.107986111111111,49,0,0
hardware,bgra8-sized,fx-cmyk-print,0.9,False,e736feb6387afa0d1a3f6cfaecdf27090c8e0c9ec2dee443e0d464f567062071,de6c00fb133d5d75644ac8014fb763e0df39d4ae2ce4c55dba9446c097f00e46,0.4972005208333333,9,2.0960286458333335,45,2.103515625,49,0,0
hardware,bgra8-sized,fx-cmyk-print,1.5,False,ed42075e6eb0679bb0a2cdb93eb7b5158bdbe7baee409a3e0eaae54d6fe16688,24ec2e7ebeca43b1079ad8ae533aac7e9ba08e3a2df01126fae3eb550b2afdbb,0.4850043402777778,9,2.041276041666667,45,2.094596354166667,42,0,0
hardware,bgra8-sized,fx-cmyk-print,2.1,False,7794ef9811cd38bd4ebc3f54f4d544d6a1bad8fb16adaa0b1b264cfcac4ce602,97551204d18c7e530a7096d854fa7bec6d6d118bf9255ffef9f85d008205e363,0.49919704861111114,9,2.078537326388889,45,2.069704861111111,42,0,0
hardware,bgra8-sized,fx-mosaic-pulse,0.3,True,7ab947b4bb5205d52206d00969329bb5a10e095dcb3493cb9c61c421badae450,f88ccb85b12e53a23e071f43552dd66e4641d44b59b6213c437fffa77b4735f5,0.08394097222222222,8,0.07957899305555556,4,0.07087673611111112,0,0,0
hardware,bgra8-sized,fx-mosaic-pulse,0.9,True,c5050b8dc63c0cba872d5214ef53780d4fcce0199aa4ac5f89abe8fd4ee54ec7,00936e447e6d9dd476b479cc791850d81aed7087c78ee0bb0be59921fa972487,0.07081163194444444,0,0.07567274305555556,4,0.06134982638888889,0,0,0
hardware,bgra8-sized,fx-mosaic-pulse,1.5,True,a1ca091a9d95b7b0fcb9cc0ffdcc9875501cef0a1442573b405c3d77910ed30d,8beadc42a1da393c73ae2886b8cb0c48e50082a1cf3d925341859fde3b981a26,0.0615234375,0,0.113671875,4,0.0661892361111111,0,0,0
hardware,bgra8-sized,fx-mosaic-pulse,2.1,False,6dae01d095bc3d605012fcb51cbabac00431fdd757c08d272f360da4f04c19b2,0f592ee95096b10f6757330b295b79567b36b198e46e1599621d65ecd61e8e44,1.6962239583333334,49,1.533203125,40,1.3585286458333334,33,0,0
hardware,bgra8-sized,fx-pb-pixel-creation,0.3,True,180e9414ef47e80bc3654924b085b6b219bcc12184c3e459ade45abd95094c1a,0fb9655fb69cb270e912d7a403f897ac0c9c9fe75ec8d1ac17afda5d1feaf956,0.09040798611111112,8,0.06922743055555555,4,0.039778645833333334,0,0,0
hardware,bgra8-sized,fx-pb-pixel-creation,0.9,True,5c60f5b3e4a5020d2982758fc24e955159e83a2ed17457a2134bc52a61ba5f70,cacdb848c543f64d31f7a80bddb3d2f9418a626e5f0828bb459558650739beb3,0.06156684027777778,0,0.07615017361111111,4,0.06453993055555556,0,0,0
hardware,bgra8-sized,fx-pb-pixel-creation,1.5,False,74dd02cca620d45a4b4a4d30164f2572c04881acecf2253989764675da27e6c6,aab97388c8d3a7d7e90e6528c5eee5bc912d956982ca6ebca96b8a758b874045,1.5478081597222222,49,1.4865885416666667,45,1.3789713541666666,41,0,0
hardware,bgra8-sized,fx-pb-pixel-creation,2.1,True,6703ed8915918487bc8da00d059bca30ca9ee99b50b41afd0782825480486fb0,509dfbf0e76c6d52893b025fd315e17007e5b702da6428475cfed0e39b076545,0.055989583333333336,0,0.015885416666666666,0,0.013302951388888888,0,0,0
hardware,bgra8-sized,fx-carousel,0.3,False,1d1b9f5771dda32eeb49b2e357390161149198bf72015334a973d45b325e602b,9b5055b288d4a68115604f7746b8a83566ae222d7549b9d00c8fa58d66975941,0.7464409722222223,9,0.7569010416666667,12,0.7310329861111111,9,0,0
hardware,bgra8-sized,fx-carousel,0.9,False,9833ce9046ca65ee9c45938bb913ed3b6381684ea10410185a91ec1a12872f8f,e4422736f5832716fa5e0ddf3288183d16f8ab855c8c572b8f380ff99bf060db,0.9615234375,9,0.9477864583333333,12,0.9264973958333333,9,0,0
hardware,bgra8-sized,fx-carousel,1.5,False,cec5897da1d66d22e67ecac6946a129d4734574dbf536c8c9ce8c39bf33f9a0c,bf3cd56edbf193bb956422fed3cfd7c8d6f745ceccc702ed3636ae775f6e592c,0.7439453125,9,0.7456163194444444,8,0.7192057291666667,9,0,0
hardware,bgra8-sized,fx-carousel,2.1,False,05cbb23bce29f0892cdd36ac4605a830623402b65743dcf0d1a96c5b4d60c0e1,0ea9d72de48a4768ced42d841df818e9f714e13fc98dd85c30a93c6645eb53ce,0.5244140625,9,0.5282986111111111,8,0.48723958333333334,9,0,0
hardware,bgra8-sized,fx-ne-edges,0.3,False,12d06934797c1ef0a9338a242437a8866bfd435e2955ddd5da9029d74f45d53d,ce4e86c35f1e1907cc988cf068ab2941980dcca297b56b25e4ffb033f645bd58,0.3381076388888889,8,0.29268663194444444,4,0.43116319444444445,9,0,0
hardware,bgra8-sized,fx-ne-edges,0.9,False,4aa8321f842f574d5ca31efdaae2e379358aa7ff1939f8a44a2dd76c14fa7328,8d1b89e91cb1749c59704ae1e35c8210e6064a954da93475582cce6a0ab2464f,0.3434244791666667,8,0.24010416666666667,4,0.4040581597222222,9,0,0
hardware,bgra8-sized,fx-ne-edges,1.5,False,b7d36373394d94c3f263b78613ad71674de6394c5de2cea15f7e258d13b3fb58,6114f8f77c4fdc0d270f017f485d2351bf20fdfc2e4d0fcc1c621ed26a542fbe,0.33980034722222224,8,0.2545572916666667,4,0.4061414930555556,9,0,0
hardware,bgra8-sized,fx-ne-edges,2.1,False,0cfb5f2507a904f40f94abdbaf2748ba1ff440a0e8f88757e6d25dc997f3e5a8,cc7444a234c9f4751b0464f80e725efe024f3f888772cfc044f377eec9ae9b83,0.29225260416666665,8,0.27921006944444443,4,0.4217447916666667,9,0,0
hardware,bgra8-sized,fx-cc-dance-flash,0.3,False,efa082547ef3e8c9dac4cfc1cc546398d05f478fc025d097f241e3bd206899e0,afffa4415a7a545d3525655e4570f4b7a36a2b6bca3745c11c0ac619e305d852,0.3417751736111111,9,0.24184027777777778,4,0.2750434027777778,8,0,0
hardware,bgra8-sized,fx-cc-dance-flash,0.9,True,3d2dccdeac074042879b83191b38f803190a38516604b24fc0dceba47011d654,db2508f2cd1923ee327b0e2fac2a73ef584d3d86e67132878ee6d85ff2a2368d,0.3532769097222222,8,0.22584635416666668,4,0.26360677083333334,8,0,0
hardware,bgra8-sized,fx-cc-dance-flash,1.5,True,b4cdc294d49750ea98ec8dec242cdbc3153c05560bffa1912162a34ebadaca18,417f0f83ba65cc4535e24d3f6c969240a5624549662ab9a09c8f72b9492c9bb8,0.33023003472222223,8,0.246484375,4,0.2631076388888889,8,0,0
hardware,bgra8-sized,fx-cc-dance-flash,2.1,True,a447184153989c421b099be662b3ae433cd262e3d56638487a7c8b2e6dcb582e,ee4be3dfccef5ca25088810a5ddb7ae9d565125753fc76b34bf397603a8f3798,0.3396050347222222,8,0.2330295138888889,4,0.2772135416666667,8,0,0
warp,rgba-unsized,fx-ov-tr-diamond,0.3,True,17c18977bb825c31f0aa42af9d20849690243a401b08e88d663f7c76c728d47b,58029b8c8e18dd3186078a006f5dce6ee7845fabf31a76634a8f13930554b699,0,0,0,0,0,0,0,0
warp,rgba-unsized,fx-ov-tr-diamond,0.9,True,f03249671ff2067b4476d30189e9203b5be5cf03d903b6c629ef63705cf3b372,0b54bee3e43fd8a2522cce743ad82c3f685f116c7d69e79b2b4b8f9e4dc76cff,0,0,0,0,0,0,0,0
warp,rgba-unsized,fx-ov-tr-diamond,1.5,False,93289a913b8632a8ad32785b92f2dcc5c7cb874e01e391daaa22b8023d7e2d83,6612614f7b238d4762c54072222f4e7f0e3d228c6f8a77c6c8552a4fd4218b18,0.46586371527777776,9,0.49019097222222224,4,0.49203559027777777,9,0,0
warp,rgba-unsized,fx-ov-tr-diamond,2.1,True,5dfc68e6003aa95e974fef6fc0e415095cfbd3804c55c8dff879328fc04b8497,beadbed04e81d58e23610c968da84602cd509f3ec5484dda9257677727f0f921,0,0,0,0,0,0,0,0
warp,rgba-unsized,fx-cmyk-print,0.3,False,7caa3f7ff6210e1bdde7552030945139f7d2d8cbc26dc9b5450934cfa7edc5bc,f1e2dc7df9aea44b5e666ab102e7b1cb7309a4210ca2ac50f5fe2b467fccb431,0.7000868055555556,16,2.208376736111111,45,2.2424696180555554,49,0,0
warp,rgba-unsized,fx-cmyk-print,0.9,False,bf7f6faf560f6194054c20f38a6fccee52f1fa273b955b2dd6ee5a673e5bcf61,411c6fc736ad5115a5f1216ee4a4dbaa7a81a3727e2f0213a916580a542e6af6,0.6909505208333333,16,2.219856770833333,45,2.2156467013888888,49,0,0
warp,rgba-unsized,fx-cmyk-print,1.5,False,54a7db1af36bf2878799404b7b5f8b4a1f429cfd14da0dc11835f7c7a33d379e,2301a507cc9b4c569a159af00904023c764c40e0f7d9b0575c5ba43259156a99,0.6989800347222223,16,2.1639973958333334,45,2.2067274305555555,49,0,0
warp,rgba-unsized,fx-cmyk-print,2.1,False,8df25cd36fe2cd0ed48d5fdfc85f263b2779b3c8bdf5c8e5478e60254804f5ef,3ac8b22e020564fe78008b9f9a4cdfdfea3fbed6c2d8f719eba38855efaff245,0.6909722222222222,16,2.186653645833333,45,2.173806423611111,42,0,0
warp,rgba-unsized,fx-mosaic-pulse,0.3,False,a67b488d2c0cceffa563495bdafa1eac3e7a5bb2aa4792f9cc4a245ffa4f6c57,4eb93b6555ed14dd353767ae9d83848ea9e580604783c12fad98b25b0e7fa2ca,0.41117621527777776,9,0.42159288194444444,4,0.42853732638888886,9,0,0
warp,rgba-unsized,fx-mosaic-pulse,0.9,False,5b68d8046bbc8b08831643100f6f7dbdfd8ee2487f598e80a7607d7dcb9cefe2,f89509b21a7986c9009a998ce60906755355462af2942b3a601ef2c5135c6ead,0.42135416666666664,9,0.43135850694444444,4,0.4252170138888889,9,0,0
warp,rgba-unsized,fx-mosaic-pulse,1.5,True,ef5f08355282924b592e97c319638892973ca952723248f273e2e59f259274ff,d391def0899b02fca5fefba7bbacdbbceb93dd52001d6aad063c67aa2ad49681,0.3372395833333333,8,0.3472222222222222,4,0.34739583333333335,8,0,0
warp,rgba-unsized,fx-mosaic-pulse,2.1,False,f6a45ffd7395b6420e92074e392ce4f992b645ceb0c12e8f183e4bd7e45b2545,c1440bad359e5c6d0b0d79a86dc5fa87bad0c9c330de35076a7caa3d6d24ce14,0.7049479166666667,9,0.6796440972222222,5,0.6476996527777777,9,0,0
warp,rgba-unsized,fx-pb-pixel-creation,0.3,False,f6c9039091d70a0273761765225fb39935e94a05de23b9b764a6f04c5c505d18,f5c8beee28d4d93db3eb8b61678673a06082602193ff61fd56ef0621431d96e6,0.36868489583333336,9,0.33904079861111114,4,0.3544704861111111,9,0,0
warp,rgba-unsized,fx-pb-pixel-creation,0.9,False,23b9bbc8e1a57152a50f9c9b86f9d1e160ad8faa63c0393df8e91e8af6ebcac5,7f7a10fda0388243add8828c43713170ac08e63f4d88a28532a40624520a46fd,0.39772135416666665,9,0.4084418402777778,4,0.4173828125,9,0,0
warp,rgba-unsized,fx-pb-pixel-creation,1.5,False,96aba5a912628f2ec90c6fd08a6daa5e3de08efdfde31857cbad1d8e9cfe5a1a,0737c3870295f3b02113f478b43612b704c9e0c9aaa0aee3460e5c6fd1cad9b6,0.8334852430555556,9,0.7931640625,8,0.7895833333333333,9,0,0
warp,rgba-unsized,fx-pb-pixel-creation,2.1,False,198ec7a2120550fd06d9d8c9ee02cbc4467c9e6af94e0f279ddc80725ca0171f,9ecd51cab014a93ab843cead855c9444c0565b8c7599579e3f2df658266853f6,0.15911458333333334,8,0.31731770833333334,4,0.41423611111111114,9,0,0
warp,rgba-unsized,fx-carousel,0.3,False,fad51972af6bb8528808e550d4840040e6e618c9289804680cd9b2b24a209fe5,c5d90788fe387e33dc595e81c8aea17a74d33a058ea6f509bbc598672207236f,0.8064019097222223,9,0.7982204861111111,12,0.7870876736111111,9,0,0
warp,rgba-unsized,fx-carousel,0.9,False,7c2723a217906de6daa64ccf02f2c514f98f0823ad0b3af8c70a029fb2b442d2,0f7a207adad39e91be2ccc583cb6c37b10345ab10a6f48b1ade105728fdaf1d4,1.0250651041666667,9,0.9942708333333333,12,0.9786675347222222,9,0,0
warp,rgba-unsized,fx-carousel,1.5,False,2d2fec703775cbb3b95d519df14892bae820a3d8054368a92e019a2eebb6202e,80905fcda2b5b2c1d7a6947c21ddb092e8289fe09adc8601f55a07cf09023cc9,0.8172960069444445,9,0.7909722222222222,8,0.7966362847222223,9,0,0
warp,rgba-unsized,fx-carousel,2.1,False,eaaa0e7f7155d6da296fd82f521ee6731c0390ebb7d220c4f05dc4fde2e7698a,7a20bf4919265539ce3123978c2125ff945373cbe32708164ca1ce506265c0d8,0.5911892361111111,9,0.5897569444444445,8,0.5761935763888889,9,0,0
warp,rgba-unsized,fx-ne-edges,0.3,False,996d969243c664ea8bae65b653d303bdcd0b71f90998873636b9f5bc8800bd71,4420736cb92a6b15e35cc503835e37a52b318da0acad45ddcb924ea5512071df,1.2281032986111111,9,1.0314887152777779,5,1.6601128472222222,9,0,0
warp,rgba-unsized,fx-ne-edges,0.9,False,eb0e6bf686f201af45d1e59cbc217ca61a2ee4f69725262e9746c00392f20e46,a340b909258d5da523842a90e10efb1d6b66c7ec5eaf16d6a16a132ea00a00a8,1.3630425347222221,9,0.8983072916666667,5,1.6115451388888888,9,0,0
warp,rgba-unsized,fx-ne-edges,1.5,False,95eaeb6b33c99a09dc7c5079e8fec7b9273e85f59983fc8d6e75a55c61322d12,c0acbe0a90f19fe3a0b73b2f72943ea571b9c97e5eb4baea48ae39ffc51fb35a,1.3820746527777779,9,0.9010416666666666,5,1.6166883680555555,9,0,0
warp,rgba-unsized,fx-ne-edges,2.1,False,518df1f09c1c12b75dfcd9014c099da2738d3f2f8bbf4f681ad2ada19ec422bf,5398763c18ef361f5a363f972d737f9a509784f0a035216397a874c59b264964,1.2579210069444444,9,1.067751736111111,5,1.6921657986111112,9,0,0
warp,rgba-unsized,fx-cc-dance-flash,0.3,False,37cc0a5acf3bf3df1f84800ebed9c4c13e7069e14e03c2332ee261f4e647f44b,1cfa02081d18414d142aa90d7adeef07d9adea88e6d7ce25a2e50d5a8b3a0eed,1.483224826388889,9,1.2230034722222223,5,1.3146050347222222,9,0,0
warp,rgba-unsized,fx-cc-dance-flash,0.9,False,655fb2b560c5dffda632ee20cb7343b17f20987c5bc48f5b34418157a97d9dd3,c253b015af5cbac8029e7cb0108b57492da1148c82c6e7c7886f24b3538ec327,1.4704210069444446,9,1.2087456597222221,5,1.318967013888889,9,0,0
warp,rgba-unsized,fx-cc-dance-flash,1.5,False,368df84868b0fcc642f8b2eba7c4cd42acf53ce246060b26acb426298111952a,422d7c6d83e21e2e6d70bd510340e1344e2ea5b583f942878f651c99ce16cdea,1.4634331597222223,9,1.2305772569444444,5,1.3430121527777779,9,0,0
warp,rgba-unsized,fx-cc-dance-flash,2.1,False,8232bf26b073bb2a6eb03a7851a59cd8cd24428ad6473bd1d9f61bf78b4cae1c,1a5a8f2ce6e57b078bd0ee225c4887cc703fcd27d6db251ae844666ec3f751f7,1.4716796875,9,1.2389756944444446,5,1.3560112847222223,9,0,0
warp,rgba8-sized,fx-ov-tr-diamond,0.3,True,17c18977bb825c31f0aa42af9d20849690243a401b08e88d663f7c76c728d47b,58029b8c8e18dd3186078a006f5dce6ee7845fabf31a76634a8f13930554b699,0,0,0,0,0,0,0,0
warp,rgba8-sized,fx-ov-tr-diamond,0.9,True,f03249671ff2067b4476d30189e9203b5be5cf03d903b6c629ef63705cf3b372,0b54bee3e43fd8a2522cce743ad82c3f685f116c7d69e79b2b4b8f9e4dc76cff,0,0,0,0,0,0,0,0
warp,rgba8-sized,fx-ov-tr-diamond,1.5,False,93289a913b8632a8ad32785b92f2dcc5c7cb874e01e391daaa22b8023d7e2d83,6612614f7b238d4762c54072222f4e7f0e3d228c6f8a77c6c8552a4fd4218b18,0.46586371527777776,9,0.49019097222222224,4,0.49203559027777777,9,0,0
warp,rgba8-sized,fx-ov-tr-diamond,2.1,True,5dfc68e6003aa95e974fef6fc0e415095cfbd3804c55c8dff879328fc04b8497,beadbed04e81d58e23610c968da84602cd509f3ec5484dda9257677727f0f921,0,0,0,0,0,0,0,0
warp,rgba8-sized,fx-cmyk-print,0.3,False,7caa3f7ff6210e1bdde7552030945139f7d2d8cbc26dc9b5450934cfa7edc5bc,f1e2dc7df9aea44b5e666ab102e7b1cb7309a4210ca2ac50f5fe2b467fccb431,0.7000868055555556,16,2.208376736111111,45,2.2424696180555554,49,0,0
warp,rgba8-sized,fx-cmyk-print,0.9,False,bf7f6faf560f6194054c20f38a6fccee52f1fa273b955b2dd6ee5a673e5bcf61,411c6fc736ad5115a5f1216ee4a4dbaa7a81a3727e2f0213a916580a542e6af6,0.6909505208333333,16,2.219856770833333,45,2.2156467013888888,49,0,0
warp,rgba8-sized,fx-cmyk-print,1.5,False,54a7db1af36bf2878799404b7b5f8b4a1f429cfd14da0dc11835f7c7a33d379e,2301a507cc9b4c569a159af00904023c764c40e0f7d9b0575c5ba43259156a99,0.6989800347222223,16,2.1639973958333334,45,2.2067274305555555,49,0,0
warp,rgba8-sized,fx-cmyk-print,2.1,False,8df25cd36fe2cd0ed48d5fdfc85f263b2779b3c8bdf5c8e5478e60254804f5ef,3ac8b22e020564fe78008b9f9a4cdfdfea3fbed6c2d8f719eba38855efaff245,0.6909722222222222,16,2.186653645833333,45,2.173806423611111,42,0,0
warp,rgba8-sized,fx-mosaic-pulse,0.3,False,a67b488d2c0cceffa563495bdafa1eac3e7a5bb2aa4792f9cc4a245ffa4f6c57,4eb93b6555ed14dd353767ae9d83848ea9e580604783c12fad98b25b0e7fa2ca,0.41117621527777776,9,0.42159288194444444,4,0.42853732638888886,9,0,0
warp,rgba8-sized,fx-mosaic-pulse,0.9,False,5b68d8046bbc8b08831643100f6f7dbdfd8ee2487f598e80a7607d7dcb9cefe2,f89509b21a7986c9009a998ce60906755355462af2942b3a601ef2c5135c6ead,0.42135416666666664,9,0.43135850694444444,4,0.4252170138888889,9,0,0
warp,rgba8-sized,fx-mosaic-pulse,1.5,True,ef5f08355282924b592e97c319638892973ca952723248f273e2e59f259274ff,d391def0899b02fca5fefba7bbacdbbceb93dd52001d6aad063c67aa2ad49681,0.3372395833333333,8,0.3472222222222222,4,0.34739583333333335,8,0,0
warp,rgba8-sized,fx-mosaic-pulse,2.1,False,f6a45ffd7395b6420e92074e392ce4f992b645ceb0c12e8f183e4bd7e45b2545,c1440bad359e5c6d0b0d79a86dc5fa87bad0c9c330de35076a7caa3d6d24ce14,0.7049479166666667,9,0.6796440972222222,5,0.6476996527777777,9,0,0
warp,rgba8-sized,fx-pb-pixel-creation,0.3,False,f6c9039091d70a0273761765225fb39935e94a05de23b9b764a6f04c5c505d18,f5c8beee28d4d93db3eb8b61678673a06082602193ff61fd56ef0621431d96e6,0.36868489583333336,9,0.33904079861111114,4,0.3544704861111111,9,0,0
warp,rgba8-sized,fx-pb-pixel-creation,0.9,False,23b9bbc8e1a57152a50f9c9b86f9d1e160ad8faa63c0393df8e91e8af6ebcac5,7f7a10fda0388243add8828c43713170ac08e63f4d88a28532a40624520a46fd,0.39772135416666665,9,0.4084418402777778,4,0.4173828125,9,0,0
warp,rgba8-sized,fx-pb-pixel-creation,1.5,False,96aba5a912628f2ec90c6fd08a6daa5e3de08efdfde31857cbad1d8e9cfe5a1a,0737c3870295f3b02113f478b43612b704c9e0c9aaa0aee3460e5c6fd1cad9b6,0.8334852430555556,9,0.7931640625,8,0.7895833333333333,9,0,0
warp,rgba8-sized,fx-pb-pixel-creation,2.1,False,198ec7a2120550fd06d9d8c9ee02cbc4467c9e6af94e0f279ddc80725ca0171f,9ecd51cab014a93ab843cead855c9444c0565b8c7599579e3f2df658266853f6,0.15911458333333334,8,0.31731770833333334,4,0.41423611111111114,9,0,0
warp,rgba8-sized,fx-carousel,0.3,False,fad51972af6bb8528808e550d4840040e6e618c9289804680cd9b2b24a209fe5,c5d90788fe387e33dc595e81c8aea17a74d33a058ea6f509bbc598672207236f,0.8064019097222223,9,0.7982204861111111,12,0.7870876736111111,9,0,0
warp,rgba8-sized,fx-carousel,0.9,False,7c2723a217906de6daa64ccf02f2c514f98f0823ad0b3af8c70a029fb2b442d2,0f7a207adad39e91be2ccc583cb6c37b10345ab10a6f48b1ade105728fdaf1d4,1.0250651041666667,9,0.9942708333333333,12,0.9786675347222222,9,0,0
warp,rgba8-sized,fx-carousel,1.5,False,2d2fec703775cbb3b95d519df14892bae820a3d8054368a92e019a2eebb6202e,80905fcda2b5b2c1d7a6947c21ddb092e8289fe09adc8601f55a07cf09023cc9,0.8172960069444445,9,0.7909722222222222,8,0.7966362847222223,9,0,0
warp,rgba8-sized,fx-carousel,2.1,False,eaaa0e7f7155d6da296fd82f521ee6731c0390ebb7d220c4f05dc4fde2e7698a,7a20bf4919265539ce3123978c2125ff945373cbe32708164ca1ce506265c0d8,0.5911892361111111,9,0.5897569444444445,8,0.5761935763888889,9,0,0
warp,rgba8-sized,fx-ne-edges,0.3,False,996d969243c664ea8bae65b653d303bdcd0b71f90998873636b9f5bc8800bd71,4420736cb92a6b15e35cc503835e37a52b318da0acad45ddcb924ea5512071df,1.2281032986111111,9,1.0314887152777779,5,1.6601128472222222,9,0,0
warp,rgba8-sized,fx-ne-edges,0.9,False,eb0e6bf686f201af45d1e59cbc217ca61a2ee4f69725262e9746c00392f20e46,a340b909258d5da523842a90e10efb1d6b66c7ec5eaf16d6a16a132ea00a00a8,1.3630425347222221,9,0.8983072916666667,5,1.6115451388888888,9,0,0
warp,rgba8-sized,fx-ne-edges,1.5,False,95eaeb6b33c99a09dc7c5079e8fec7b9273e85f59983fc8d6e75a55c61322d12,c0acbe0a90f19fe3a0b73b2f72943ea571b9c97e5eb4baea48ae39ffc51fb35a,1.3820746527777779,9,0.9010416666666666,5,1.6166883680555555,9,0,0
warp,rgba8-sized,fx-ne-edges,2.1,False,518df1f09c1c12b75dfcd9014c099da2738d3f2f8bbf4f681ad2ada19ec422bf,5398763c18ef361f5a363f972d737f9a509784f0a035216397a874c59b264964,1.2579210069444444,9,1.067751736111111,5,1.6921657986111112,9,0,0
warp,rgba8-sized,fx-cc-dance-flash,0.3,False,37cc0a5acf3bf3df1f84800ebed9c4c13e7069e14e03c2332ee261f4e647f44b,1cfa02081d18414d142aa90d7adeef07d9adea88e6d7ce25a2e50d5a8b3a0eed,1.483224826388889,9,1.2230034722222223,5,1.3146050347222222,9,0,0
warp,rgba8-sized,fx-cc-dance-flash,0.9,False,655fb2b560c5dffda632ee20cb7343b17f20987c5bc48f5b34418157a97d9dd3,c253b015af5cbac8029e7cb0108b57492da1148c82c6e7c7886f24b3538ec327,1.4704210069444446,9,1.2087456597222221,5,1.318967013888889,9,0,0
warp,rgba8-sized,fx-cc-dance-flash,1.5,False,368df84868b0fcc642f8b2eba7c4cd42acf53ce246060b26acb426298111952a,422d7c6d83e21e2e6d70bd510340e1344e2ea5b583f942878f651c99ce16cdea,1.4634331597222223,9,1.2305772569444444,5,1.3430121527777779,9,0,0
warp,rgba8-sized,fx-cc-dance-flash,2.1,False,8232bf26b073bb2a6eb03a7851a59cd8cd24428ad6473bd1d9f61bf78b4cae1c,1a5a8f2ce6e57b078bd0ee225c4887cc703fcd27d6db251ae844666ec3f751f7,1.4716796875,9,1.2389756944444446,5,1.3560112847222223,9,0,0
warp,bgra-unsized,fx-ov-tr-diamond,0.3,True,17c18977bb825c31f0aa42af9d20849690243a401b08e88d663f7c76c728d47b,58029b8c8e18dd3186078a006f5dce6ee7845fabf31a76634a8f13930554b699,0,0,0,0,0,0,0,0
warp,bgra-unsized,fx-ov-tr-diamond,0.9,True,f03249671ff2067b4476d30189e9203b5be5cf03d903b6c629ef63705cf3b372,0b54bee3e43fd8a2522cce743ad82c3f685f116c7d69e79b2b4b8f9e4dc76cff,0,0,0,0,0,0,0,0
warp,bgra-unsized,fx-ov-tr-diamond,1.5,False,93289a913b8632a8ad32785b92f2dcc5c7cb874e01e391daaa22b8023d7e2d83,6612614f7b238d4762c54072222f4e7f0e3d228c6f8a77c6c8552a4fd4218b18,0.46586371527777776,9,0.49019097222222224,4,0.49203559027777777,9,0,0
warp,bgra-unsized,fx-ov-tr-diamond,2.1,True,5dfc68e6003aa95e974fef6fc0e415095cfbd3804c55c8dff879328fc04b8497,beadbed04e81d58e23610c968da84602cd509f3ec5484dda9257677727f0f921,0,0,0,0,0,0,0,0
warp,bgra-unsized,fx-cmyk-print,0.3,False,7caa3f7ff6210e1bdde7552030945139f7d2d8cbc26dc9b5450934cfa7edc5bc,f1e2dc7df9aea44b5e666ab102e7b1cb7309a4210ca2ac50f5fe2b467fccb431,0.7000868055555556,16,2.208376736111111,45,2.2424696180555554,49,0,0
warp,bgra-unsized,fx-cmyk-print,0.9,False,bf7f6faf560f6194054c20f38a6fccee52f1fa273b955b2dd6ee5a673e5bcf61,411c6fc736ad5115a5f1216ee4a4dbaa7a81a3727e2f0213a916580a542e6af6,0.6909505208333333,16,2.219856770833333,45,2.2156467013888888,49,0,0
warp,bgra-unsized,fx-cmyk-print,1.5,False,54a7db1af36bf2878799404b7b5f8b4a1f429cfd14da0dc11835f7c7a33d379e,2301a507cc9b4c569a159af00904023c764c40e0f7d9b0575c5ba43259156a99,0.6989800347222223,16,2.1639973958333334,45,2.2067274305555555,49,0,0
warp,bgra-unsized,fx-cmyk-print,2.1,False,8df25cd36fe2cd0ed48d5fdfc85f263b2779b3c8bdf5c8e5478e60254804f5ef,3ac8b22e020564fe78008b9f9a4cdfdfea3fbed6c2d8f719eba38855efaff245,0.6909722222222222,16,2.186653645833333,45,2.173806423611111,42,0,0
warp,bgra-unsized,fx-mosaic-pulse,0.3,False,a67b488d2c0cceffa563495bdafa1eac3e7a5bb2aa4792f9cc4a245ffa4f6c57,4eb93b6555ed14dd353767ae9d83848ea9e580604783c12fad98b25b0e7fa2ca,0.41117621527777776,9,0.42159288194444444,4,0.42853732638888886,9,0,0
warp,bgra-unsized,fx-mosaic-pulse,0.9,False,5b68d8046bbc8b08831643100f6f7dbdfd8ee2487f598e80a7607d7dcb9cefe2,f89509b21a7986c9009a998ce60906755355462af2942b3a601ef2c5135c6ead,0.42135416666666664,9,0.43135850694444444,4,0.4252170138888889,9,0,0
warp,bgra-unsized,fx-mosaic-pulse,1.5,True,ef5f08355282924b592e97c319638892973ca952723248f273e2e59f259274ff,d391def0899b02fca5fefba7bbacdbbceb93dd52001d6aad063c67aa2ad49681,0.3372395833333333,8,0.3472222222222222,4,0.34739583333333335,8,0,0
warp,bgra-unsized,fx-mosaic-pulse,2.1,False,f6a45ffd7395b6420e92074e392ce4f992b645ceb0c12e8f183e4bd7e45b2545,c1440bad359e5c6d0b0d79a86dc5fa87bad0c9c330de35076a7caa3d6d24ce14,0.7049479166666667,9,0.6796440972222222,5,0.6476996527777777,9,0,0
warp,bgra-unsized,fx-pb-pixel-creation,0.3,False,f6c9039091d70a0273761765225fb39935e94a05de23b9b764a6f04c5c505d18,f5c8beee28d4d93db3eb8b61678673a06082602193ff61fd56ef0621431d96e6,0.36868489583333336,9,0.33904079861111114,4,0.3544704861111111,9,0,0
warp,bgra-unsized,fx-pb-pixel-creation,0.9,False,23b9bbc8e1a57152a50f9c9b86f9d1e160ad8faa63c0393df8e91e8af6ebcac5,7f7a10fda0388243add8828c43713170ac08e63f4d88a28532a40624520a46fd,0.39772135416666665,9,0.4084418402777778,4,0.4173828125,9,0,0
warp,bgra-unsized,fx-pb-pixel-creation,1.5,False,96aba5a912628f2ec90c6fd08a6daa5e3de08efdfde31857cbad1d8e9cfe5a1a,0737c3870295f3b02113f478b43612b704c9e0c9aaa0aee3460e5c6fd1cad9b6,0.8334852430555556,9,0.7931640625,8,0.7895833333333333,9,0,0
warp,bgra-unsized,fx-pb-pixel-creation,2.1,False,198ec7a2120550fd06d9d8c9ee02cbc4467c9e6af94e0f279ddc80725ca0171f,9ecd51cab014a93ab843cead855c9444c0565b8c7599579e3f2df658266853f6,0.15911458333333334,8,0.31731770833333334,4,0.41423611111111114,9,0,0
warp,bgra-unsized,fx-carousel,0.3,False,fad51972af6bb8528808e550d4840040e6e618c9289804680cd9b2b24a209fe5,c5d90788fe387e33dc595e81c8aea17a74d33a058ea6f509bbc598672207236f,0.8064019097222223,9,0.7982204861111111,12,0.7870876736111111,9,0,0
warp,bgra-unsized,fx-carousel,0.9,False,7c2723a217906de6daa64ccf02f2c514f98f0823ad0b3af8c70a029fb2b442d2,0f7a207adad39e91be2ccc583cb6c37b10345ab10a6f48b1ade105728fdaf1d4,1.0250651041666667,9,0.9942708333333333,12,0.9786675347222222,9,0,0
warp,bgra-unsized,fx-carousel,1.5,False,2d2fec703775cbb3b95d519df14892bae820a3d8054368a92e019a2eebb6202e,80905fcda2b5b2c1d7a6947c21ddb092e8289fe09adc8601f55a07cf09023cc9,0.8172960069444445,9,0.7909722222222222,8,0.7966362847222223,9,0,0
warp,bgra-unsized,fx-carousel,2.1,False,eaaa0e7f7155d6da296fd82f521ee6731c0390ebb7d220c4f05dc4fde2e7698a,7a20bf4919265539ce3123978c2125ff945373cbe32708164ca1ce506265c0d8,0.5911892361111111,9,0.5897569444444445,8,0.5761935763888889,9,0,0
warp,bgra-unsized,fx-ne-edges,0.3,False,996d969243c664ea8bae65b653d303bdcd0b71f90998873636b9f5bc8800bd71,4420736cb92a6b15e35cc503835e37a52b318da0acad45ddcb924ea5512071df,1.2281032986111111,9,1.0314887152777779,5,1.6601128472222222,9,0,0
warp,bgra-unsized,fx-ne-edges,0.9,False,eb0e6bf686f201af45d1e59cbc217ca61a2ee4f69725262e9746c00392f20e46,a340b909258d5da523842a90e10efb1d6b66c7ec5eaf16d6a16a132ea00a00a8,1.3630425347222221,9,0.8983072916666667,5,1.6115451388888888,9,0,0
warp,bgra-unsized,fx-ne-edges,1.5,False,95eaeb6b33c99a09dc7c5079e8fec7b9273e85f59983fc8d6e75a55c61322d12,c0acbe0a90f19fe3a0b73b2f72943ea571b9c97e5eb4baea48ae39ffc51fb35a,1.3820746527777779,9,0.9010416666666666,5,1.6166883680555555,9,0,0
warp,bgra-unsized,fx-ne-edges,2.1,False,518df1f09c1c12b75dfcd9014c099da2738d3f2f8bbf4f681ad2ada19ec422bf,5398763c18ef361f5a363f972d737f9a509784f0a035216397a874c59b264964,1.2579210069444444,9,1.067751736111111,5,1.6921657986111112,9,0,0
warp,bgra-unsized,fx-cc-dance-flash,0.3,False,37cc0a5acf3bf3df1f84800ebed9c4c13e7069e14e03c2332ee261f4e647f44b,1cfa02081d18414d142aa90d7adeef07d9adea88e6d7ce25a2e50d5a8b3a0eed,1.483224826388889,9,1.2230034722222223,5,1.3146050347222222,9,0,0
warp,bgra-unsized,fx-cc-dance-flash,0.9,False,655fb2b560c5dffda632ee20cb7343b17f20987c5bc48f5b34418157a97d9dd3,c253b015af5cbac8029e7cb0108b57492da1148c82c6e7c7886f24b3538ec327,1.4704210069444446,9,1.2087456597222221,5,1.318967013888889,9,0,0
warp,bgra-unsized,fx-cc-dance-flash,1.5,False,368df84868b0fcc642f8b2eba7c4cd42acf53ce246060b26acb426298111952a,422d7c6d83e21e2e6d70bd510340e1344e2ea5b583f942878f651c99ce16cdea,1.4634331597222223,9,1.2305772569444444,5,1.3430121527777779,9,0,0
warp,bgra-unsized,fx-cc-dance-flash,2.1,False,8232bf26b073bb2a6eb03a7851a59cd8cd24428ad6473bd1d9f61bf78b4cae1c,1a5a8f2ce6e57b078bd0ee225c4887cc703fcd27d6db251ae844666ec3f751f7,1.4716796875,9,1.2389756944444446,5,1.3560112847222223,9,0,0
warp,bgra8-sized,fx-ov-tr-diamond,0.3,True,17c18977bb825c31f0aa42af9d20849690243a401b08e88d663f7c76c728d47b,58029b8c8e18dd3186078a006f5dce6ee7845fabf31a76634a8f13930554b699,0,0,0,0,0,0,0,0
warp,bgra8-sized,fx-ov-tr-diamond,0.9,True,f03249671ff2067b4476d30189e9203b5be5cf03d903b6c629ef63705cf3b372,0b54bee3e43fd8a2522cce743ad82c3f685f116c7d69e79b2b4b8f9e4dc76cff,0,0,0,0,0,0,0,0
warp,bgra8-sized,fx-ov-tr-diamond,1.5,False,93289a913b8632a8ad32785b92f2dcc5c7cb874e01e391daaa22b8023d7e2d83,6612614f7b238d4762c54072222f4e7f0e3d228c6f8a77c6c8552a4fd4218b18,0.46586371527777776,9,0.49019097222222224,4,0.49203559027777777,9,0,0
warp,bgra8-sized,fx-ov-tr-diamond,2.1,True,5dfc68e6003aa95e974fef6fc0e415095cfbd3804c55c8dff879328fc04b8497,beadbed04e81d58e23610c968da84602cd509f3ec5484dda9257677727f0f921,0,0,0,0,0,0,0,0
warp,bgra8-sized,fx-cmyk-print,0.3,False,7caa3f7ff6210e1bdde7552030945139f7d2d8cbc26dc9b5450934cfa7edc5bc,f1e2dc7df9aea44b5e666ab102e7b1cb7309a4210ca2ac50f5fe2b467fccb431,0.7000868055555556,16,2.208376736111111,45,2.2424696180555554,49,0,0
warp,bgra8-sized,fx-cmyk-print,0.9,False,bf7f6faf560f6194054c20f38a6fccee52f1fa273b955b2dd6ee5a673e5bcf61,411c6fc736ad5115a5f1216ee4a4dbaa7a81a3727e2f0213a916580a542e6af6,0.6909505208333333,16,2.219856770833333,45,2.2156467013888888,49,0,0
warp,bgra8-sized,fx-cmyk-print,1.5,False,54a7db1af36bf2878799404b7b5f8b4a1f429cfd14da0dc11835f7c7a33d379e,2301a507cc9b4c569a159af00904023c764c40e0f7d9b0575c5ba43259156a99,0.6989800347222223,16,2.1639973958333334,45,2.2067274305555555,49,0,0
warp,bgra8-sized,fx-cmyk-print,2.1,False,8df25cd36fe2cd0ed48d5fdfc85f263b2779b3c8bdf5c8e5478e60254804f5ef,3ac8b22e020564fe78008b9f9a4cdfdfea3fbed6c2d8f719eba38855efaff245,0.6909722222222222,16,2.186653645833333,45,2.173806423611111,42,0,0
warp,bgra8-sized,fx-mosaic-pulse,0.3,False,a67b488d2c0cceffa563495bdafa1eac3e7a5bb2aa4792f9cc4a245ffa4f6c57,4eb93b6555ed14dd353767ae9d83848ea9e580604783c12fad98b25b0e7fa2ca,0.41117621527777776,9,0.42159288194444444,4,0.42853732638888886,9,0,0
warp,bgra8-sized,fx-mosaic-pulse,0.9,False,5b68d8046bbc8b08831643100f6f7dbdfd8ee2487f598e80a7607d7dcb9cefe2,f89509b21a7986c9009a998ce60906755355462af2942b3a601ef2c5135c6ead,0.42135416666666664,9,0.43135850694444444,4,0.4252170138888889,9,0,0
warp,bgra8-sized,fx-mosaic-pulse,1.5,True,ef5f08355282924b592e97c319638892973ca952723248f273e2e59f259274ff,d391def0899b02fca5fefba7bbacdbbceb93dd52001d6aad063c67aa2ad49681,0.3372395833333333,8,0.3472222222222222,4,0.34739583333333335,8,0,0
warp,bgra8-sized,fx-mosaic-pulse,2.1,False,f6a45ffd7395b6420e92074e392ce4f992b645ceb0c12e8f183e4bd7e45b2545,c1440bad359e5c6d0b0d79a86dc5fa87bad0c9c330de35076a7caa3d6d24ce14,0.7049479166666667,9,0.6796440972222222,5,0.6476996527777777,9,0,0
warp,bgra8-sized,fx-pb-pixel-creation,0.3,False,f6c9039091d70a0273761765225fb39935e94a05de23b9b764a6f04c5c505d18,f5c8beee28d4d93db3eb8b61678673a06082602193ff61fd56ef0621431d96e6,0.36868489583333336,9,0.33904079861111114,4,0.3544704861111111,9,0,0
warp,bgra8-sized,fx-pb-pixel-creation,0.9,False,23b9bbc8e1a57152a50f9c9b86f9d1e160ad8faa63c0393df8e91e8af6ebcac5,7f7a10fda0388243add8828c43713170ac08e63f4d88a28532a40624520a46fd,0.39772135416666665,9,0.4084418402777778,4,0.4173828125,9,0,0
warp,bgra8-sized,fx-pb-pixel-creation,1.5,False,96aba5a912628f2ec90c6fd08a6daa5e3de08efdfde31857cbad1d8e9cfe5a1a,0737c3870295f3b02113f478b43612b704c9e0c9aaa0aee3460e5c6fd1cad9b6,0.8334852430555556,9,0.7931640625,8,0.7895833333333333,9,0,0
warp,bgra8-sized,fx-pb-pixel-creation,2.1,False,198ec7a2120550fd06d9d8c9ee02cbc4467c9e6af94e0f279ddc80725ca0171f,9ecd51cab014a93ab843cead855c9444c0565b8c7599579e3f2df658266853f6,0.15911458333333334,8,0.31731770833333334,4,0.41423611111111114,9,0,0
warp,bgra8-sized,fx-carousel,0.3,False,fad51972af6bb8528808e550d4840040e6e618c9289804680cd9b2b24a209fe5,c5d90788fe387e33dc595e81c8aea17a74d33a058ea6f509bbc598672207236f,0.8064019097222223,9,0.7982204861111111,12,0.7870876736111111,9,0,0
warp,bgra8-sized,fx-carousel,0.9,False,7c2723a217906de6daa64ccf02f2c514f98f0823ad0b3af8c70a029fb2b442d2,0f7a207adad39e91be2ccc583cb6c37b10345ab10a6f48b1ade105728fdaf1d4,1.0250651041666667,9,0.9942708333333333,12,0.9786675347222222,9,0,0
warp,bgra8-sized,fx-carousel,1.5,False,2d2fec703775cbb3b95d519df14892bae820a3d8054368a92e019a2eebb6202e,80905fcda2b5b2c1d7a6947c21ddb092e8289fe09adc8601f55a07cf09023cc9,0.8172960069444445,9,0.7909722222222222,8,0.7966362847222223,9,0,0
warp,bgra8-sized,fx-carousel,2.1,False,eaaa0e7f7155d6da296fd82f521ee6731c0390ebb7d220c4f05dc4fde2e7698a,7a20bf4919265539ce3123978c2125ff945373cbe32708164ca1ce506265c0d8,0.5911892361111111,9,0.5897569444444445,8,0.5761935763888889,9,0,0
warp,bgra8-sized,fx-ne-edges,0.3,False,996d969243c664ea8bae65b653d303bdcd0b71f90998873636b9f5bc8800bd71,4420736cb92a6b15e35cc503835e37a52b318da0acad45ddcb924ea5512071df,1.2281032986111111,9,1.0314887152777779,5,1.6601128472222222,9,0,0
warp,bgra8-sized,fx-ne-edges,0.9,False,eb0e6bf686f201af45d1e59cbc217ca61a2ee4f69725262e9746c00392f20e46,a340b909258d5da523842a90e10efb1d6b66c7ec5eaf16d6a16a132ea00a00a8,1.3630425347222221,9,0.8983072916666667,5,1.6115451388888888,9,0,0
warp,bgra8-sized,fx-ne-edges,1.5,False,95eaeb6b33c99a09dc7c5079e8fec7b9273e85f59983fc8d6e75a55c61322d12,c0acbe0a90f19fe3a0b73b2f72943ea571b9c97e5eb4baea48ae39ffc51fb35a,1.3820746527777779,9,0.9010416666666666,5,1.6166883680555555,9,0,0
warp,bgra8-sized,fx-ne-edges,2.1,False,518df1f09c1c12b75dfcd9014c099da2738d3f2f8bbf4f681ad2ada19ec422bf,5398763c18ef361f5a363f972d737f9a509784f0a035216397a874c59b264964,1.2579210069444444,9,1.067751736111111,5,1.6921657986111112,9,0,0
warp,bgra8-sized,fx-cc-dance-flash,0.3,False,37cc0a5acf3bf3df1f84800ebed9c4c13e7069e14e03c2332ee261f4e647f44b,1cfa02081d18414d142aa90d7adeef07d9adea88e6d7ce25a2e50d5a8b3a0eed,1.483224826388889,9,1.2230034722222223,5,1.3146050347222222,9,0,0
warp,bgra8-sized,fx-cc-dance-flash,0.9,False,655fb2b560c5dffda632ee20cb7343b17f20987c5bc48f5b34418157a97d9dd3,c253b015af5cbac8029e7cb0108b57492da1148c82c6e7c7886f24b3538ec327,1.4704210069444446,9,1.2087456597222221,5,1.318967013888889,9,0,0
warp,bgra8-sized,fx-cc-dance-flash,1.5,False,368df84868b0fcc642f8b2eba7c4cd42acf53ce246060b26acb426298111952a,422d7c6d83e21e2e6d70bd510340e1344e2ea5b583f942878f651c99ce16cdea,1.4634331597222223,9,1.2305772569444444,5,1.3430121527777779,9,0,0
warp,bgra8-sized,fx-cc-dance-flash,2.1,False,8232bf26b073bb2a6eb03a7851a59cd8cd24428ad6473bd1d9f61bf78b4cae1c,1a5a8f2ce6e57b078bd0ee225c4887cc703fcd27d6db251ae844666ec3f751f7,1.4716796875,9,1.2389756944444446,5,1.3560112847222223,9,0,0
