storage,id,time,strictChanged,strictAfter,noiseChanged,noiseAfter
float32-sized,fx-cc-dance-flash,0.3,True,True,False,
float32-sized,fx-cc-color-pixel,0.3,True,False,False,
float32-sized,fx-cc-color-pixel,0.9,True,False,False,
float32-sized,fx-cr-tri-split,0.9,False,False,True,False
float32-sized,fx-mt-mirror-beat,0.9,True,False,False,
float32-sized,fx-hyperspace,0.3,False,False,True,True
float32-sized,fx-hyperspace,0.9,False,False,True,True
float32-sized,fx-hyperspace,1.5,False,False,True,True
float32-sized,fx-blink,0.9,True,False,False,
float32-sized,fx-tr-flare,0.9,True,True,False,True
float32-sized,fx-ov-tr-diamond,0.3,True,True,False,
float32-sized,fx-ov-tr-diamond,0.9,True,True,False,
float32-sized,fx-ov-tr-diamond,2.1,True,True,False,
float16,fx-cc-dance-flash,0.3,True,True,False,
float16,fx-hyperspace,0.3,False,False,True,True
float16,fx-hyperspace,0.9,False,False,True,True
float16,fx-hyperspace,1.5,False,False,True,True
float16,fx-tr-flare,0.9,True,True,False,True
float16,fx-ov-tr-diamond,0.3,True,True,False,
float16,fx-ov-tr-diamond,0.9,True,True,False,
float16,fx-ov-tr-diamond,2.1,True,True,False,
float32-round-even,fx-cc-dance-flash,0.3,True,True,False,
float32-round-even,fx-cr-tri-split,0.9,False,False,True,False
float32-round-even,fx-hyperspace,0.3,False,False,True,True
float32-round-even,fx-hyperspace,0.9,False,False,True,True
float32-round-even,fx-hyperspace,1.5,False,False,True,True
float32-round-even,fx-blink,0.9,True,False,False,
float32-round-even,fx-tr-flare,0.9,True,True,False,True
float32-round-even,fx-ov-tr-diamond,0.3,True,True,False,
float32-round-even,fx-ov-tr-diamond,0.9,True,True,False,
float32-round-even,fx-ov-tr-diamond,2.1,True,True,False,
float32-round-even-staged,fx-cc-dance-flash,0.3,True,True,False,
float32-round-even-staged,fx-cc-color-pixel,0.3,True,False,False,
float32-round-even-staged,fx-cr-tri-split,0.9,False,False,True,False
float32-round-even-staged,fx-mt-mirror-beat,0.9,True,False,False,
float32-round-even-staged,fx-hyperspace,0.3,False,False,True,True
float32-round-even-staged,fx-hyperspace,0.9,False,False,True,True
float32-round-even-staged,fx-hyperspace,1.5,False,False,True,True
float32-round-even-staged,fx-tr-flare,0.9,True,True,False,True
float32-round-even-staged,fx-ov-tr-diamond,0.3,True,True,False,
float32-round-even-staged,fx-ov-tr-diamond,0.9,True,True,False,
float32-round-even-staged,fx-ov-tr-diamond,2.1,True,True,False,
