storage,id,time,channel,changedRawPixels,maxRawDelta,storedExactlyHalfAtChanges,scaledF32HalfAtChanges,frequentStoredFloats
float32-sized,fx-cc-dance-flash,0.3,R,884,1,0,0,"[[0.5119556784629822, 3], [0.9313879609107971, 2], [0.6373997330665588, 2], [0.9784852862358093, 1], [0.9784838557243347, 1], [0.9745466113090515, 1], [0.9706970453262329, 1], [0.9706525802612305, 1], [0.970622718334198, 1], [0.9667602181434631, 1]]"
float32-sized,fx-cc-dance-flash,0.3,G,833,1,0,0,"[[0.4529990255832672, 2], [0.45303791761398315, 2], [0.6962134838104248, 2], [0.5078526735305786, 2], [0.4413122534751892, 2], [0.425528347492218, 2], [0.9902191162109375, 1], [0.9862965941429138, 1], [0.9784664511680603, 1], [0.9784634709358215, 1]]"
float32-sized,fx-cc-dance-flash,0.3,B,774,1,0,0,"[[0.3039291799068451, 3], [0.31965598464012146, 2], [0.29220008850097656, 2], [0.9705970883369446, 1], [0.0019873660057783127, 1], [0.006002829875797033, 1], [0.9667726159095764, 1], [0.9628694653511047, 1], [0.9588299989700317, 1], [0.9510369300842285, 1]]"
float32-sized,fx-cc-dance-flash,0.3,A,0,0,0,0,[]
float32-sized,fx-cc-color-pixel,0.3,R,5345,1,3,4877,"[[0.19411765038967133, 457], [0.1980392187833786, 366], [0.20196078717708588, 314], [0.18627451360225677, 276], [0.19019608199596405, 216], [0.1823529452085495, 216], [0.20588235557079315, 179], [0.021568628028035164, 170], [0.02549019642174244, 143], [0.8176470994949341, 136]]"
float32-sized,fx-cc-color-pixel,0.3,G,5310,1,9,4764,"[[0.19019608199596405, 535], [0.19411765038967133, 410], [0.1823529452085495, 348], [0.18627451360225677, 328], [0.1980392187833786, 234], [0.8176470994949341, 228], [0.021568628028035164, 213], [0.17843137681484222, 150], [0.01764705963432789, 140], [0.20196078717708588, 124]]"
float32-sized,fx-cc-color-pixel,0.3,B,7086,1,4,4826,"[[0.18627451360225677, 429], [0.1823529452085495, 399], [0.17843137681484222, 377], [0.19019608199596405, 300], [0.813725471496582, 267], [0.17450980842113495, 251], [0.8098039627075195, 242], [0.01764705963432789, 240], [0.19411765038967133, 183], [0.1980392187833786, 146]]"
float32-sized,fx-cc-color-pixel,0.3,A,0,0,0,0,[]
float32-sized,fx-cc-color-pixel,0.9,R,5376,1,2,4883,"[[0.19411765038967133, 440], [0.1980392187833786, 360], [0.20196078717708588, 324], [0.18627451360225677, 225], [0.19019608199596405, 223], [0.1823529452085495, 171], [0.02549019642174244, 166], [0.20588235557079315, 165], [0.021568628028035164, 157], [0.8176470994949341, 144]]"
float32-sized,fx-cc-color-pixel,0.9,G,5236,1,3,4701,"[[0.19019608199596405, 494], [0.19411765038967133, 361], [0.18627451360225677, 293], [0.1823529452085495, 286], [0.8176470994949341, 221], [0.021568628028035164, 220], [0.1980392187833786, 202], [0.20196078717708588, 135], [0.01764705963432789, 133], [0.17843137681484222, 129]]"
float32-sized,fx-cc-color-pixel,0.9,B,7040,1,5,4781,"[[0.18627451360225677, 433], [0.1823529452085495, 368], [0.17843137681484222, 352], [0.19019608199596405, 331], [0.813725471496582, 249], [0.01764705963432789, 230], [0.8098039627075195, 226], [0.17450980842113495, 202], [0.19411765038967133, 175], [0.013725490309298038, 154]]"
float32-sized,fx-cc-color-pixel,0.9,A,0,0,0,0,[]
float32-sized,fx-cr-tri-split,0.9,R,2756,1,3,1293,"[[0.7000000476837158, 39], [0.7117646932601929, 35], [0.7039215564727783, 31], [0.7078431844711304, 27], [0.7509803771972656, 24], [0.10000000149011612, 23], [0.7823529243469238, 22], [0.6960784196853638, 22], [0.4058823585510254, 22], [0.4019607901573181, 21]]"
float32-sized,fx-cr-tri-split,0.9,G,3907,1,21,2434,"[[0.40980392694473267, 56], [0.4019607901573181, 45], [0.39803922176361084, 44], [0.7588235139846802, 41], [0.39411765336990356, 41], [0.4176470637321472, 41], [0.4058823585510254, 41], [0.7627451419830322, 40], [0.41372549533843994, 39], [0.3901960849761963, 39]]"
float32-sized,fx-cr-tri-split,0.9,B,2824,1,2,1306,"[[0.8333333730697632, 70], [0.8450980186462402, 60], [0.8294117450714111, 60], [0.8529411554336548, 39], [0.8490196466445923, 38], [0.8372548818588257, 35], [0.8568627834320068, 29], [0.39803922176361084, 29], [0.8254902362823486, 27], [0.8607842922210693, 27]]"
float32-sized,fx-cr-tri-split,0.9,A,0,0,0,0,[]
float32-sized,fx-mt-mirror-beat,0.9,R,11459,1,19,6427,"[[0.7196078300476074, 329], [0.7000000476837158, 319], [0.7352941036224365, 312], [0.7078431844711304, 309], [0.7039215564727783, 306], [0.7117646932601929, 296], [0.7156863212585449, 292], [0.731372594833374, 291], [0.727450966835022, 290], [0.7431372404098511, 281]]"
float32-sized,fx-mt-mirror-beat,0.9,G,11445,1,49,6474,"[[0.6647058725357056, 334], [0.6686275005340576, 329], [0.6764706373214722, 323], [0.6725490093231201, 320], [0.6803921461105347, 319], [0.6843137741088867, 290], [0.6607843637466431, 277], [0.6882352828979492, 276], [0.656862735748291, 245], [0.6921569108963013, 228]]"
float32-sized,fx-mt-mirror-beat,0.9,B,11522,1,82,7031,"[[0.6254901885986328, 327], [0.6215686798095703, 325], [0.6176470518112183, 324], [0.6333333253860474, 284], [0.6294118165969849, 283], [0.6137255430221558, 265], [0.6490195989608765, 237], [0.6098039150238037, 233], [0.6411764621734619, 232], [0.6058824062347412, 228]]"
float32-sized,fx-mt-mirror-beat,0.9,A,0,0,0,0,[]
float32-sized,fx-hyperspace,0.3,R,22211,1,0,0,"[[0.009999999776482582, 20033], [0.010000000707805157, 110], [0.010000001639127731, 62], [0.010000002570450306, 36], [0.01000000350177288, 31], [0.01000000536441803, 25], [0.010000006295740604, 21], [0.010000007227063179, 18], [0.010000004433095455, 17], [0.010000008158385754, 13]]"
float32-sized,fx-hyperspace,0.3,G,22118,1,0,0,"[[0.009999999776482582, 20016], [0.010000000707805157, 114], [0.010000001639127731, 58], [0.010000002570450306, 45], [0.010000004433095455, 27], [0.01000000350177288, 22], [0.010000007227063179, 21], [0.010000006295740604, 19], [0.010000008158385754, 16], [0.01000000536441803, 15]]"
float32-sized,fx-hyperspace,0.3,B,712,1,0,0,"[[0.02558938041329384, 4], [0.2569161653518677, 4], [0.1117723360657692, 3], [0.20212100446224213, 3], [0.1274891346693039, 3], [0.08043030649423599, 3], [0.29221028089523315, 3], [0.29219502210617065, 3], [0.7588464021682739, 3], [0.19429312646389008, 3]]"
float32-sized,fx-hyperspace,0.3,A,0,0,0,0,[]
float32-sized,fx-hyperspace,0.9,R,21511,1,0,0,"[[0.009999999776482582, 19512], [0.010000000707805157, 92], [0.010000001639127731, 38], [0.010000002570450306, 28], [0.01000000350177288, 18], [0.010000004433095455, 18], [0.010000006295740604, 14], [0.01000000536441803, 13], [0.010000007227063179, 11], [0.010000010021030903, 11]]"
float32-sized,fx-hyperspace,0.9,G,21435,1,0,0,"[[0.009999999776482582, 19500], [0.010000000707805157, 91], [0.010000001639127731, 40], [0.010000002570450306, 31], [0.010000004433095455, 17], [0.01000000536441803, 15], [0.01000000350177288, 15], [0.010000007227063179, 14], [0.010000006295740604, 11], [0.010000011883676052, 10]]"
float32-sized,fx-hyperspace,0.9,B,752,1,0,0,"[[0.006027312949299812, 3], [0.08441291004419327, 3], [0.07650873810052872, 3], [0.13144122064113617, 3], [0.26082247495651245, 3], [0.23334096372127533, 3], [0.4411841034889221, 3], [0.34317541122436523, 3], [0.35494011640548706, 3], [0.39023423194885254, 3]]"
float32-sized,fx-hyperspace,0.9,A,0,0,0,0,[]
float32-sized,fx-hyperspace,1.5,R,23109,1,0,0,"[[0.009999999776482582, 20914], [0.010000000707805157, 107], [0.010000001639127731, 50], [0.010000002570450306, 39], [0.01000000350177288, 30], [0.010000004433095455, 26], [0.01000000536441803, 17], [0.010000006295740604, 16], [0.010000008158385754, 15], [0.010000009089708328, 13]]"
float32-sized,fx-hyperspace,1.5,G,23066,1,0,0,"[[0.009999999776482582, 20898], [0.010000000707805157, 110], [0.010000001639127731, 51], [0.010000002570450306, 37], [0.010000004433095455, 29], [0.01000000350177288, 24], [0.01000000536441803, 22], [0.010000006295740604, 15], [0.010000007227063179, 14], [0.010000009089708328, 13]]"
float32-sized,fx-hyperspace,1.5,B,643,1,0,0,"[[0.2529488205909729, 4], [0.03343251720070839, 3], [0.037323568016290665, 3], [0.06880293041467667, 3], [0.2725871801376343, 3], [0.1588921993970871, 3], [0.21379415690898895, 3], [0.15500114858150482, 3], [0.8255893588066101, 3], [0.3315327763557434, 3]]"
float32-sized,fx-hyperspace,1.5,A,0,0,0,0,[]
float32-sized,fx-blink,0.9,R,11314,1,0,11314,"[[0.045098040252923965, 505], [0.02549019642174244, 459], [0.029411764815449715, 424], [0.04901960864663124, 421], [0.1509803980588913, 353], [0.03333333507180214, 349], [0.052941177040338516, 339], [0.04117647185921669, 325], [0.037254903465509415, 313], [0.13137255609035492, 308]]"
float32-sized,fx-blink,0.9,G,11331,1,0,11331,"[[0.02549019642174244, 548], [0.04117647185921669, 501], [0.037254903465509415, 461], [0.045098040252923965, 459], [0.029411764815449715, 419], [0.03333333507180214, 370], [0.021568628028035164, 366], [0.08039215952157974, 290], [0.04901960864663124, 287], [0.07647059112787247, 275]]"
float32-sized,fx-blink,0.9,B,11361,1,0,11361,"[[0.03333333507180214, 599], [0.037254903465509415, 558], [0.02549019642174244, 499], [0.2137254923582077, 491], [0.021568628028035164, 489], [0.029411764815449715, 482], [0.01764705963432789, 467], [0.20980392396450043, 392], [0.04117647185921669, 377], [0.19019608199596405, 356]]"
float32-sized,fx-blink,0.9,A,0,0,0,0,[]
float32-sized,fx-tr-flare,0.9,R,1148,1,0,0,"[[0.4490966498851776, 522], [0.5000205039978027, 472], [0.5902945399284363, 113], [0.641218364238739, 32], [0.7824163436889648, 3], [0.8333401679992676, 3], [0.8217665553092957, 3]]"
float32-sized,fx-tr-flare,0.9,G,1451,1,0,1,"[[0.500117301940918, 2], [0.4452410638332367, 2], [0.4098729193210602, 2], [0.3471343517303467, 1], [0.3471542000770569, 1], [0.700050950050354, 1], [0.3197547495365143, 1], [0.8295578956604004, 1], [0.7589477300643921, 1], [0.7157997488975525, 1]]"
float32-sized,fx-tr-flare,0.9,B,1427,1,0,1,"[[0.5041053891181946, 2], [0.5000981688499451, 2], [0.5275506973266602, 2], [0.5119053721427917, 2], [0.5628039836883545, 2], [0.46093258261680603, 2], [0.813944935798645, 1], [0.8139024972915649, 1], [0.7353329062461853, 1], [0.7235755324363708, 1]]"
float32-sized,fx-tr-flare,0.9,A,0,0,0,0,[]
float32-sized,fx-ov-tr-diamond,0.3,R,0,0,0,0,[]
float32-sized,fx-ov-tr-diamond,0.3,G,0,0,0,0,[]
float32-sized,fx-ov-tr-diamond,0.3,B,43112,1,43112,43112,"[[0.5, 43112]]"
float32-sized,fx-ov-tr-diamond,0.3,A,0,0,0,0,[]
float32-sized,fx-ov-tr-diamond,0.9,R,0,0,0,0,[]
float32-sized,fx-ov-tr-diamond,0.9,G,0,0,0,0,[]
float32-sized,fx-ov-tr-diamond,0.9,B,39924,1,39924,39924,"[[0.5, 39924]]"
float32-sized,fx-ov-tr-diamond,0.9,A,0,0,0,0,[]
float32-sized,fx-ov-tr-diamond,2.1,R,0,0,0,0,[]
float32-sized,fx-ov-tr-diamond,2.1,G,0,0,0,0,[]
float32-sized,fx-ov-tr-diamond,2.1,B,43356,1,43356,43356,"[[0.5, 43356]]"
float32-sized,fx-ov-tr-diamond,2.1,A,0,0,0,0,[]
float16,fx-cc-dance-flash,0.3,R,655,1,11,11,"[[0.7626953125, 20], [0.7978515625, 17], [0.7861328125, 17], [0.7666015625, 15], [0.7587890625, 15], [0.53125, 15], [0.7900390625, 14], [0.7744140625, 14], [0.5078125, 14], [0.5, 11]]"
float16,fx-cc-dance-flash,0.3,G,500,1,14,14,"[[0.50390625, 19], [0.5234375, 14], [0.5, 14], [0.64501953125, 13], [0.62548828125, 12], [0.5078125, 11], [0.66455078125, 11], [0.64892578125, 11], [0.546875, 11], [0.5546875, 11]]"
float16,fx-cc-dance-flash,0.3,B,397,1,7,7,"[[0.2098388671875, 12], [0.52734375, 10], [0.51171875, 10], [0.51953125, 10], [0.1903076171875, 10], [0.55859375, 9], [0.2137451171875, 9], [0.515625, 8], [0.50390625, 8], [0.5234375, 7]]"
float16,fx-cc-dance-flash,0.3,A,0,0,0,0,[]
float16,fx-hyperspace,0.3,R,21932,1,9,9,"[[0.0099945068359375, 21181], [0.01000213623046875, 286], [0.64111328125, 13], [0.63720703125, 12], [0.7587890625, 12], [0.53125, 12], [0.55859375, 11], [0.66455078125, 11], [0.5078125, 11], [0.51171875, 10]]"
float16,fx-hyperspace,0.3,G,21830,1,11,11,"[[0.0099945068359375, 21156], [0.01000213623046875, 284], [0.53515625, 15], [0.50390625, 13], [0.5, 11], [0.515625, 10], [0.5078125, 10], [0.51953125, 9], [0.62548828125, 9], [0.5390625, 9]]"
float16,fx-hyperspace,0.3,B,366,1,8,8,"[[0.5, 8], [0.51171875, 7], [0.2098388671875, 6], [0.64501953125, 6], [0.52734375, 6], [0.50390625, 6], [0.2176513671875, 6], [0.1903076171875, 6], [0.1275634765625, 6], [0.0804443359375, 6]]"
float16,fx-hyperspace,0.3,A,0,0,0,0,[]
float16,fx-hyperspace,0.9,R,21185,1,6,6,"[[0.0099945068359375, 20423], [0.01000213623046875, 295], [0.5546875, 12], [0.67236328125, 11], [0.53515625, 11], [0.63330078125, 11], [0.68408203125, 11], [0.65673828125, 10], [0.546875, 10], [0.50390625, 10]]"
float16,fx-hyperspace,0.9,G,21074,1,8,8,"[[0.0099945068359375, 20400], [0.01000213623046875, 299], [0.52734375, 11], [0.515625, 10], [0.5078125, 10], [0.64111328125, 9], [0.54296875, 9], [0.5, 8], [0.5390625, 8], [0.1903076171875, 8]]"
float16,fx-hyperspace,0.9,B,378,1,4,4,"[[0.2137451171875, 10], [0.2059326171875, 9], [0.1431884765625, 7], [0.0882568359375, 7], [0.1392822265625, 7], [0.54296875, 7], [0.55078125, 7], [0.2098388671875, 7], [0.07647705078125, 7], [0.033416748046875, 7]]"
float16,fx-hyperspace,0.9,A,0,0,0,0,[]
float16,fx-hyperspace,1.5,R,22845,1,8,8,"[[0.0099945068359375, 22055], [0.01000213623046875, 308], [0.51953125, 13], [0.5390625, 12], [0.62939453125, 12], [0.52734375, 12], [0.64501953125, 11], [0.64892578125, 11], [0.53125, 11], [0.53515625, 11]]"
float16,fx-hyperspace,1.5,G,22687,1,9,9,"[[0.0099945068359375, 22034], [0.01000213623046875, 307], [0.51953125, 11], [0.5390625, 10], [0.51171875, 9], [0.5078125, 9], [0.5, 9], [0.55859375, 8], [0.52734375, 8], [0.5546875, 8]]"
float16,fx-hyperspace,1.5,B,345,1,4,4,"[[0.1275634765625, 9], [0.1470947265625, 9], [0.2176513671875, 8], [0.55859375, 7], [0.037322998046875, 7], [0.033416748046875, 7], [0.62548828125, 6], [0.55078125, 6], [0.2137451171875, 6], [0.1549072265625, 6]]"
float16,fx-hyperspace,1.5,A,0,0,0,0,[]
float16,fx-tr-flare,0.9,R,1256,1,472,472,"[[0.5, 472], [0.52734375, 381], [0.5390625, 324], [0.62939453125, 51], [0.68017578125, 16], [0.7587890625, 8], [0.7705078125, 4]]"
float16,fx-tr-flare,0.9,G,486,1,37,37,"[[0.52734375, 42], [0.51953125, 41], [0.50390625, 38], [0.5234375, 38], [0.5078125, 38], [0.5, 37], [0.5390625, 36], [0.51171875, 35], [0.515625, 30], [0.53515625, 22]]"
float16,fx-tr-flare,0.9,B,944,1,58,58,"[[0.50390625, 78], [0.5078125, 78], [0.51953125, 68], [0.53125, 64], [0.515625, 64], [0.51171875, 60], [0.5, 58], [0.5234375, 54], [0.5390625, 50], [0.546875, 49]]"
float16,fx-tr-flare,0.9,A,0,0,0,0,[]
float16,fx-ov-tr-diamond,0.3,R,0,0,0,0,[]
float16,fx-ov-tr-diamond,0.3,G,0,0,0,0,[]
float16,fx-ov-tr-diamond,0.3,B,43112,1,43112,43112,"[[0.5, 43112]]"
float16,fx-ov-tr-diamond,0.3,A,0,0,0,0,[]
float16,fx-ov-tr-diamond,0.9,R,0,0,0,0,[]
float16,fx-ov-tr-diamond,0.9,G,0,0,0,0,[]
float16,fx-ov-tr-diamond,0.9,B,39924,1,39924,39924,"[[0.5, 39924]]"
float16,fx-ov-tr-diamond,0.9,A,0,0,0,0,[]
float16,fx-ov-tr-diamond,2.1,R,0,0,0,0,[]
float16,fx-ov-tr-diamond,2.1,G,0,0,0,0,[]
float16,fx-ov-tr-diamond,2.1,B,43356,1,43356,43356,"[[0.5, 43356]]"
float16,fx-ov-tr-diamond,2.1,A,0,0,0,0,[]
float32-round-even,fx-cc-dance-flash,0.3,R,884,1,0,0,"[[0.5119556784629822, 3], [0.9313879609107971, 2], [0.6373997330665588, 2], [0.9784852862358093, 1], [0.9784838557243347, 1], [0.9745466113090515, 1], [0.9706970453262329, 1], [0.9706525802612305, 1], [0.970622718334198, 1], [0.9667602181434631, 1]]"
float32-round-even,fx-cc-dance-flash,0.3,G,833,1,0,0,"[[0.4529990255832672, 2], [0.45303791761398315, 2], [0.6962134838104248, 2], [0.5078526735305786, 2], [0.4413122534751892, 2], [0.425528347492218, 2], [0.9902191162109375, 1], [0.9862965941429138, 1], [0.9784664511680603, 1], [0.9784634709358215, 1]]"
float32-round-even,fx-cc-dance-flash,0.3,B,774,1,0,0,"[[0.3039291799068451, 3], [0.31965598464012146, 2], [0.29220008850097656, 2], [0.9705970883369446, 1], [0.0019873660057783127, 1], [0.006002829875797033, 1], [0.9667726159095764, 1], [0.9628694653511047, 1], [0.9588299989700317, 1], [0.9510369300842285, 1]]"
float32-round-even,fx-cc-dance-flash,0.3,A,0,0,0,0,[]
float32-round-even,fx-cc-color-pixel,0.3,R,4774,1,3,4306,"[[0.19411765038967133, 457], [0.1980392187833786, 366], [0.20196078717708588, 314], [0.18627451360225677, 276], [0.1823529452085495, 216], [0.19019608199596405, 216], [0.20588235557079315, 179], [0.021568628028035164, 170], [0.02549019642174244, 143], [0.8176470994949341, 136]]"
float32-round-even,fx-cc-color-pixel,0.3,G,4783,1,9,4237,"[[0.19019608199596405, 535], [0.19411765038967133, 410], [0.1823529452085495, 348], [0.18627451360225677, 328], [0.1980392187833786, 234], [0.8176470994949341, 228], [0.021568628028035164, 213], [0.17843137681484222, 150], [0.01764705963432789, 140], [0.20196078717708588, 124]]"
float32-round-even,fx-cc-color-pixel,0.3,B,6480,1,4,4220,"[[0.18627451360225677, 429], [0.1823529452085495, 399], [0.17843137681484222, 377], [0.19019608199596405, 300], [0.17450980842113495, 251], [0.8098039627075195, 242], [0.01764705963432789, 240], [0.19411765038967133, 183], [0.1980392187833786, 146], [0.013725490309298038, 143]]"
float32-round-even,fx-cc-color-pixel,0.3,A,0,0,0,0,[]
float32-round-even,fx-cc-color-pixel,0.9,R,4819,1,2,4326,"[[0.19411765038967133, 440], [0.1980392187833786, 360], [0.20196078717708588, 324], [0.18627451360225677, 225], [0.19019608199596405, 223], [0.1823529452085495, 171], [0.02549019642174244, 166], [0.20588235557079315, 165], [0.021568628028035164, 157], [0.8176470994949341, 144]]"
float32-round-even,fx-cc-color-pixel,0.9,G,4701,1,3,4166,"[[0.19019608199596405, 494], [0.19411765038967133, 361], [0.18627451360225677, 293], [0.1823529452085495, 286], [0.8176470994949341, 221], [0.021568628028035164, 220], [0.1980392187833786, 202], [0.20196078717708588, 135], [0.01764705963432789, 133], [0.17843137681484222, 129]]"
float32-round-even,fx-cc-color-pixel,0.9,B,6486,1,5,4227,"[[0.18627451360225677, 433], [0.1823529452085495, 368], [0.17843137681484222, 352], [0.19019608199596405, 331], [0.01764705963432789, 230], [0.8098039627075195, 226], [0.17450980842113495, 202], [0.19411765038967133, 175], [0.013725490309298038, 154], [0.7431601285934448, 144]]"
float32-round-even,fx-cc-color-pixel,0.9,A,0,0,0,0,[]
float32-round-even,fx-cr-tri-split,0.9,R,2308,1,3,845,"[[0.7000000476837158, 39], [0.7078431844711304, 27], [0.10000000149011612, 23], [0.4058823585510254, 22], [0.4019607901573181, 21], [0.06078431382775307, 21], [0.36666667461395264, 21], [0.36274510622024536, 20], [0.7470588684082031, 19], [0.1352941244840622, 19]]"
float32-round-even,fx-cr-tri-split,0.9,G,3163,1,21,1690,"[[0.40980392694473267, 56], [0.4019607901573181, 45], [0.39803922176361084, 44], [0.39411765336990356, 41], [0.4176470637321472, 41], [0.4058823585510254, 41], [0.7627451419830322, 40], [0.3901960849761963, 39], [0.41372549533843994, 39], [0.8098039627075195, 35]]"
float32-round-even,fx-cr-tri-split,0.9,B,2383,1,2,865,"[[0.8333333730697632, 70], [0.8490196466445923, 38], [0.8568627834320068, 29], [0.39803922176361084, 29], [0.8254902362823486, 27], [0.3901960849761963, 25], [0.4058823585510254, 24], [0.4019607901573181, 23], [0.40980392694473267, 23], [0.39411765336990356, 23]]"
float32-round-even,fx-cr-tri-split,0.9,A,0,0,0,0,[]
float32-round-even,fx-mt-mirror-beat,0.9,R,5756,1,19,724,"[[0.7000000476837158, 319], [0.7078431844711304, 309], [0.7156863212585449, 292], [0.731372594833374, 291], [0.7235294580459595, 275], [0.7470588684082031, 274], [0.7392157316207886, 270], [0.7549020051956177, 249], [0.6921569108963013, 248], [0.7627451419830322, 241]]"
float32-round-even,fx-mt-mirror-beat,0.9,G,6020,1,49,1049,"[[0.6686275005340576, 329], [0.6764706373214722, 323], [0.6843137741088867, 290], [0.6607843637466431, 277], [0.6921569108963013, 228], [0.7000000476837158, 203], [0.7235294580459595, 201], [0.7156863212585449, 201], [0.7078431844711304, 198], [0.6529412269592285, 197]]"
float32-round-even,fx-mt-mirror-beat,0.9,B,6082,1,82,1591,"[[0.6215686798095703, 325], [0.6294118165969849, 283], [0.6137255430221558, 265], [0.6058824062347412, 228], [0.6372549533843994, 226], [0.645098090171814, 221], [0.6529412269592285, 219], [0.5980392694473267, 200], [0.6686275005340576, 197], [0.6607843637466431, 190]]"
float32-round-even,fx-mt-mirror-beat,0.9,A,0,0,0,0,[]
float32-round-even,fx-hyperspace,0.3,R,22211,1,0,0,"[[0.009999999776482582, 20033], [0.010000000707805157, 110], [0.010000001639127731, 62], [0.010000002570450306, 36], [0.01000000350177288, 31], [0.01000000536441803, 25], [0.010000006295740604, 21], [0.010000007227063179, 18], [0.010000004433095455, 17], [0.010000008158385754, 13]]"
float32-round-even,fx-hyperspace,0.3,G,22118,1,0,0,"[[0.009999999776482582, 20016], [0.010000000707805157, 114], [0.010000001639127731, 58], [0.010000002570450306, 45], [0.010000004433095455, 27], [0.01000000350177288, 22], [0.010000007227063179, 21], [0.010000006295740604, 19], [0.010000008158385754, 16], [0.01000000536441803, 15]]"
float32-round-even,fx-hyperspace,0.3,B,712,1,0,0,"[[0.02558938041329384, 4], [0.2569161653518677, 4], [0.1117723360657692, 3], [0.20212100446224213, 3], [0.1274891346693039, 3], [0.08043030649423599, 3], [0.29221028089523315, 3], [0.29219502210617065, 3], [0.7588464021682739, 3], [0.19429312646389008, 3]]"
float32-round-even,fx-hyperspace,0.3,A,0,0,0,0,[]
float32-round-even,fx-hyperspace,0.9,R,21511,1,0,0,"[[0.009999999776482582, 19512], [0.010000000707805157, 92], [0.010000001639127731, 38], [0.010000002570450306, 28], [0.01000000350177288, 18], [0.010000004433095455, 18], [0.010000006295740604, 14], [0.01000000536441803, 13], [0.010000007227063179, 11], [0.010000010021030903, 11]]"
float32-round-even,fx-hyperspace,0.9,G,21435,1,0,0,"[[0.009999999776482582, 19500], [0.010000000707805157, 91], [0.010000001639127731, 40], [0.010000002570450306, 31], [0.010000004433095455, 17], [0.01000000536441803, 15], [0.01000000350177288, 15], [0.010000007227063179, 14], [0.010000006295740604, 11], [0.010000011883676052, 10]]"
float32-round-even,fx-hyperspace,0.9,B,752,1,0,0,"[[0.006027312949299812, 3], [0.08441291004419327, 3], [0.07650873810052872, 3], [0.13144122064113617, 3], [0.26082247495651245, 3], [0.23334096372127533, 3], [0.4411841034889221, 3], [0.34317541122436523, 3], [0.35494011640548706, 3], [0.39023423194885254, 3]]"
float32-round-even,fx-hyperspace,0.9,A,0,0,0,0,[]
float32-round-even,fx-hyperspace,1.5,R,23109,1,0,0,"[[0.009999999776482582, 20914], [0.010000000707805157, 107], [0.010000001639127731, 50], [0.010000002570450306, 39], [0.01000000350177288, 30], [0.010000004433095455, 26], [0.01000000536441803, 17], [0.010000006295740604, 16], [0.010000008158385754, 15], [0.010000009089708328, 13]]"
float32-round-even,fx-hyperspace,1.5,G,23066,1,0,0,"[[0.009999999776482582, 20898], [0.010000000707805157, 110], [0.010000001639127731, 51], [0.010000002570450306, 37], [0.010000004433095455, 29], [0.01000000350177288, 24], [0.01000000536441803, 22], [0.010000006295740604, 15], [0.010000007227063179, 14], [0.010000009089708328, 13]]"
float32-round-even,fx-hyperspace,1.5,B,643,1,0,0,"[[0.2529488205909729, 4], [0.03343251720070839, 3], [0.037323568016290665, 3], [0.06880293041467667, 3], [0.2725871801376343, 3], [0.1588921993970871, 3], [0.21379415690898895, 3], [0.15500114858150482, 3], [0.8255893588066101, 3], [0.3315327763557434, 3]]"
float32-round-even,fx-hyperspace,1.5,A,0,0,0,0,[]
float32-round-even,fx-blink,0.9,R,11314,1,0,11314,"[[0.045098040252923965, 505], [0.02549019642174244, 459], [0.029411764815449715, 424], [0.04901960864663124, 421], [0.1509803980588913, 353], [0.03333333507180214, 349], [0.052941177040338516, 339], [0.04117647185921669, 325], [0.037254903465509415, 313], [0.13137255609035492, 308]]"
float32-round-even,fx-blink,0.9,G,11331,1,0,11331,"[[0.02549019642174244, 548], [0.04117647185921669, 501], [0.037254903465509415, 461], [0.045098040252923965, 459], [0.029411764815449715, 419], [0.03333333507180214, 370], [0.021568628028035164, 366], [0.08039215952157974, 290], [0.04901960864663124, 287], [0.07647059112787247, 275]]"
float32-round-even,fx-blink,0.9,B,11361,1,0,11361,"[[0.03333333507180214, 599], [0.037254903465509415, 558], [0.02549019642174244, 499], [0.2137254923582077, 491], [0.021568628028035164, 489], [0.029411764815449715, 482], [0.01764705963432789, 467], [0.20980392396450043, 392], [0.04117647185921669, 377], [0.19019608199596405, 356]]"
float32-round-even,fx-blink,0.9,A,0,0,0,0,[]
float32-round-even,fx-tr-flare,0.9,R,1148,1,0,0,"[[0.4490966498851776, 522], [0.5000205039978027, 472], [0.5902945399284363, 113], [0.641218364238739, 32], [0.7824163436889648, 3], [0.8333401679992676, 3], [0.8217665553092957, 3]]"
float32-round-even,fx-tr-flare,0.9,G,1451,1,0,1,"[[0.500117301940918, 2], [0.4452410638332367, 2], [0.4098729193210602, 2], [0.3471343517303467, 1], [0.3471542000770569, 1], [0.700050950050354, 1], [0.3197547495365143, 1], [0.8295578956604004, 1], [0.7589477300643921, 1], [0.7157997488975525, 1]]"
float32-round-even,fx-tr-flare,0.9,B,1426,1,0,0,"[[0.5000981688499451, 2], [0.5275506973266602, 2], [0.5119053721427917, 2], [0.5628039836883545, 2], [0.5041053891181946, 2], [0.46093258261680603, 2], [0.35103556513786316, 1], [0.813944935798645, 1], [0.8139024972915649, 1], [0.7353329062461853, 1]]"
float32-round-even,fx-tr-flare,0.9,A,0,0,0,0,[]
float32-round-even,fx-ov-tr-diamond,0.3,R,0,0,0,0,[]
float32-round-even,fx-ov-tr-diamond,0.3,G,0,0,0,0,[]
float32-round-even,fx-ov-tr-diamond,0.3,B,43112,1,43112,43112,"[[0.5, 43112]]"
float32-round-even,fx-ov-tr-diamond,0.3,A,0,0,0,0,[]
float32-round-even,fx-ov-tr-diamond,0.9,R,0,0,0,0,[]
float32-round-even,fx-ov-tr-diamond,0.9,G,0,0,0,0,[]
float32-round-even,fx-ov-tr-diamond,0.9,B,39924,1,39924,39924,"[[0.5, 39924]]"
float32-round-even,fx-ov-tr-diamond,0.9,A,0,0,0,0,[]
float32-round-even,fx-ov-tr-diamond,2.1,R,0,0,0,0,[]
float32-round-even,fx-ov-tr-diamond,2.1,G,0,0,0,0,[]
float32-round-even,fx-ov-tr-diamond,2.1,B,43356,1,43356,43356,"[[0.5, 43356]]"
float32-round-even,fx-ov-tr-diamond,2.1,A,0,0,0,0,[]
float32-round-even-staged,fx-cc-dance-flash,0.3,R,884,1,0,0,"[[0.5119556784629822, 3], [0.9313879609107971, 2], [0.6373997330665588, 2], [0.9784852862358093, 1], [0.9784838557243347, 1], [0.9745466113090515, 1], [0.9706970453262329, 1], [0.9706525802612305, 1], [0.970622718334198, 1], [0.9667602181434631, 1]]"
float32-round-even-staged,fx-cc-dance-flash,0.3,G,833,1,0,0,"[[0.4529990255832672, 2], [0.45303791761398315, 2], [0.6962134838104248, 2], [0.5078526735305786, 2], [0.4413122534751892, 2], [0.425528347492218, 2], [0.9902191162109375, 1], [0.9862965941429138, 1], [0.9784664511680603, 1], [0.9784634709358215, 1]]"
float32-round-even-staged,fx-cc-dance-flash,0.3,B,774,1,0,0,"[[0.3039291799068451, 3], [0.31965598464012146, 2], [0.29220008850097656, 2], [0.9705970883369446, 1], [0.0019873660057783127, 1], [0.006002829875797033, 1], [0.9667726159095764, 1], [0.9628694653511047, 1], [0.9588299989700317, 1], [0.9510369300842285, 1]]"
float32-round-even-staged,fx-cc-dance-flash,0.3,A,0,0,0,0,[]
float32-round-even-staged,fx-cc-color-pixel,0.3,R,3222,1,3,2754,"[[0.19411765038967133, 457], [0.20196078717708588, 314], [0.18627451360225677, 276], [0.021568628028035164, 170], [0.8176470994949341, 136], [0.20980392396450043, 134], [0.8215686082839966, 108], [0.813725471496582, 101], [0.21764706075191498, 93], [0.17843137681484222, 87]]"
float32-round-even-staged,fx-cc-color-pixel,0.3,G,3076,1,9,2530,"[[0.19411765038967133, 410], [0.18627451360225677, 328], [0.8176470994949341, 228], [0.021568628028035164, 213], [0.17843137681484222, 150], [0.20196078717708588, 124], [0.813725471496582, 115], [0.20980392396450043, 108], [0.8098039627075195, 98], [0.21764706075191498, 91]]"
float32-round-even-staged,fx-cc-color-pixel,0.3,B,4851,1,4,2591,"[[0.18627451360225677, 429], [0.17843137681484222, 377], [0.813725471496582, 267], [0.8098039627075195, 242], [0.19411765038967133, 183], [0.013725490309298038, 143], [0.7431601285934448, 141], [0.14316010475158691, 103], [0.7392385601997375, 101], [0.801960825920105, 97]]"
float32-round-even-staged,fx-cc-color-pixel,0.3,A,0,0,0,0,[]
float32-round-even-staged,fx-cc-color-pixel,0.9,R,3300,1,2,2807,"[[0.19411765038967133, 440], [0.20196078717708588, 324], [0.18627451360225677, 225], [0.021568628028035164, 157], [0.8176470994949341, 144], [0.20980392396450043, 126], [0.813725471496582, 111], [0.8215686082839966, 105], [0.17843137681484222, 98], [0.21764706075191498, 92]]"
float32-round-even-staged,fx-cc-color-pixel,0.9,G,3057,1,3,2522,"[[0.19411765038967133, 361], [0.18627451360225677, 293], [0.8176470994949341, 221], [0.021568628028035164, 220], [0.20196078717708588, 135], [0.17843137681484222, 129], [0.813725471496582, 118], [0.8215686082839966, 112], [0.8098039627075195, 103], [0.20980392396450043, 90]]"
float32-round-even-staged,fx-cc-color-pixel,0.9,B,4849,1,5,2590,"[[0.18627451360225677, 433], [0.17843137681484222, 352], [0.813725471496582, 249], [0.8098039627075195, 226], [0.19411765038967133, 175], [0.013725490309298038, 154], [0.7431601285934448, 144], [0.14316010475158691, 113], [0.20196078717708588, 101], [0.7392385601997375, 101]]"
float32-round-even-staged,fx-cc-color-pixel,0.9,A,0,0,0,0,[]
float32-round-even-staged,fx-cr-tri-split,0.9,R,2275,1,3,812,"[[0.7000000476837158, 39], [0.7117646932601929, 35], [0.7039215564727783, 31], [0.7078431844711304, 27], [0.7509803771972656, 24], [0.10000000149011612, 23], [0.7823529243469238, 22], [0.6960784196853638, 22], [0.4058823585510254, 22], [0.36666667461395264, 21]]"
float32-round-even-staged,fx-cr-tri-split,0.9,G,2879,1,21,1406,"[[0.39803922176361084, 44], [0.4058823585510254, 41], [0.7588235139846802, 41], [0.7627451419830322, 40], [0.3901960849761963, 39], [0.41372549533843994, 39], [0.8098039627075195, 35], [0.7509803771972656, 33], [0.7431372404098511, 32], [0.7666666507720947, 31]]"
float32-round-even-staged,fx-cr-tri-split,0.9,B,2328,1,2,810,"[[0.8333333730697632, 70], [0.8450980186462402, 60], [0.8294117450714111, 60], [0.8529411554336548, 39], [0.8490196466445923, 38], [0.8372548818588257, 35], [0.39803922176361084, 29], [0.8568627834320068, 29], [0.8254902362823486, 27], [0.8607842922210693, 27]]"
float32-round-even-staged,fx-cr-tri-split,0.9,A,0,0,0,0,[]
float32-round-even-staged,fx-mt-mirror-beat,0.9,R,10745,1,19,5713,"[[0.7196078300476074, 329], [0.7000000476837158, 319], [0.7352941036224365, 312], [0.7078431844711304, 309], [0.7039215564727783, 306], [0.7117646932601929, 296], [0.7156863212585449, 292], [0.731372594833374, 291], [0.727450966835022, 290], [0.7431372404098511, 281]]"
float32-round-even-staged,fx-mt-mirror-beat,0.9,G,10596,1,49,5625,"[[0.6647058725357056, 334], [0.6686275005340576, 329], [0.6764706373214722, 323], [0.6725490093231201, 320], [0.6803921461105347, 319], [0.6843137741088867, 290], [0.6607843637466431, 277], [0.6882352828979492, 276], [0.656862735748291, 245], [0.6921569108963013, 228]]"
float32-round-even-staged,fx-mt-mirror-beat,0.9,B,10171,1,82,5680,"[[0.6254901885986328, 327], [0.6215686798095703, 325], [0.6176470518112183, 324], [0.6333333253860474, 284], [0.6294118165969849, 283], [0.6137255430221558, 265], [0.6490195989608765, 237], [0.6098039150238037, 233], [0.6411764621734619, 232], [0.6058824062347412, 228]]"
float32-round-even-staged,fx-mt-mirror-beat,0.9,A,0,0,0,0,[]
float32-round-even-staged,fx-hyperspace,0.3,R,22211,1,0,0,"[[0.009999999776482582, 20033], [0.010000000707805157, 110], [0.010000001639127731, 62], [0.010000002570450306, 36], [0.01000000350177288, 31], [0.01000000536441803, 25], [0.010000006295740604, 21], [0.010000007227063179, 18], [0.010000004433095455, 17], [0.010000008158385754, 13]]"
float32-round-even-staged,fx-hyperspace,0.3,G,22118,1,0,0,"[[0.009999999776482582, 20016], [0.010000000707805157, 114], [0.010000001639127731, 58], [0.010000002570450306, 45], [0.010000004433095455, 27], [0.01000000350177288, 22], [0.010000007227063179, 21], [0.010000006295740604, 19], [0.010000008158385754, 16], [0.01000000536441803, 15]]"
float32-round-even-staged,fx-hyperspace,0.3,B,712,1,0,0,"[[0.02558938041329384, 4], [0.2569161653518677, 4], [0.1117723360657692, 3], [0.20212100446224213, 3], [0.1274891346693039, 3], [0.08043030649423599, 3], [0.29221028089523315, 3], [0.29219502210617065, 3], [0.7588464021682739, 3], [0.19429312646389008, 3]]"
float32-round-even-staged,fx-hyperspace,0.3,A,0,0,0,0,[]
float32-round-even-staged,fx-hyperspace,0.9,R,21511,1,0,0,"[[0.009999999776482582, 19512], [0.010000000707805157, 92], [0.010000001639127731, 38], [0.010000002570450306, 28], [0.01000000350177288, 18], [0.010000004433095455, 18], [0.010000006295740604, 14], [0.01000000536441803, 13], [0.010000007227063179, 11], [0.010000010021030903, 11]]"
float32-round-even-staged,fx-hyperspace,0.9,G,21435,1,0,0,"[[0.009999999776482582, 19500], [0.010000000707805157, 91], [0.010000001639127731, 40], [0.010000002570450306, 31], [0.010000004433095455, 17], [0.01000000536441803, 15], [0.01000000350177288, 15], [0.010000007227063179, 14], [0.010000006295740604, 11], [0.010000011883676052, 10]]"
float32-round-even-staged,fx-hyperspace,0.9,B,752,1,0,0,"[[0.006027312949299812, 3], [0.08441291004419327, 3], [0.07650873810052872, 3], [0.13144122064113617, 3], [0.26082247495651245, 3], [0.23334096372127533, 3], [0.4411841034889221, 3], [0.34317541122436523, 3], [0.35494011640548706, 3], [0.39023423194885254, 3]]"
float32-round-even-staged,fx-hyperspace,0.9,A,0,0,0,0,[]
float32-round-even-staged,fx-hyperspace,1.5,R,23109,1,0,0,"[[0.009999999776482582, 20914], [0.010000000707805157, 107], [0.010000001639127731, 50], [0.010000002570450306, 39], [0.01000000350177288, 30], [0.010000004433095455, 26], [0.01000000536441803, 17], [0.010000006295740604, 16], [0.010000008158385754, 15], [0.010000009089708328, 13]]"
float32-round-even-staged,fx-hyperspace,1.5,G,23066,1,0,0,"[[0.009999999776482582, 20898], [0.010000000707805157, 110], [0.010000001639127731, 51], [0.010000002570450306, 37], [0.010000004433095455, 29], [0.01000000350177288, 24], [0.01000000536441803, 22], [0.010000006295740604, 15], [0.010000007227063179, 14], [0.010000009089708328, 13]]"
float32-round-even-staged,fx-hyperspace,1.5,B,643,1,0,0,"[[0.2529488205909729, 4], [0.03343251720070839, 3], [0.037323568016290665, 3], [0.06880293041467667, 3], [0.2725871801376343, 3], [0.1588921993970871, 3], [0.21379415690898895, 3], [0.15500114858150482, 3], [0.8255893588066101, 3], [0.3315327763557434, 3]]"
float32-round-even-staged,fx-hyperspace,1.5,A,0,0,0,0,[]
float32-round-even-staged,fx-blink,0.9,R,5671,1,0,5671,"[[0.045098040252923965, 505], [0.029411764815449715, 424], [0.052941177040338516, 339], [0.037254903465509415, 313], [0.13137255609035492, 308], [0.13921569287776947, 284], [0.12352941185235977, 244], [0.021568628028035164, 240], [0.14705882966518402, 235], [0.10000000149011612, 218]]"
float32-round-even-staged,fx-blink,0.9,G,5772,1,0,5772,"[[0.037254903465509415, 461], [0.045098040252923965, 459], [0.029411764815449715, 419], [0.021568628028035164, 366], [0.07647059112787247, 275], [0.06862745434045792, 258], [0.06078431382775307, 246], [0.21764706075191498, 244], [0.12352941185235977, 238], [0.22549019753932953, 221]]"
float32-round-even-staged,fx-blink,0.9,B,5474,1,0,5474,"[[0.037254903465509415, 558], [0.021568628028035164, 489], [0.029411764815449715, 482], [0.20980392396450043, 392], [0.045098040252923965, 323], [0.052941177040338516, 313], [0.18627451360225677, 297], [0.06078431382775307, 258], [0.20196078717708588, 250], [0.013725490309298038, 239]]"
float32-round-even-staged,fx-blink,0.9,A,0,0,0,0,[]
float32-round-even-staged,fx-tr-flare,0.9,R,1148,1,0,0,"[[0.4490966498851776, 522], [0.5000205039978027, 472], [0.5902945399284363, 113], [0.641218364238739, 32], [0.7824163436889648, 3], [0.8333401679992676, 3], [0.8217665553092957, 3]]"
float32-round-even-staged,fx-tr-flare,0.9,G,1450,1,0,0,"[[0.500117301940918, 2], [0.4452410638332367, 2], [0.4098729193210602, 2], [0.6372565627098083, 1], [0.3471343517303467, 1], [0.3471542000770569, 1], [0.7040805816650391, 1], [0.3197547495365143, 1], [0.7197014689445496, 1], [0.34708619117736816, 1]]"
float32-round-even-staged,fx-tr-flare,0.9,B,1426,1,0,0,"[[0.5000981688499451, 2], [0.5275506973266602, 2], [0.5119053721427917, 2], [0.5628039836883545, 2], [0.5041053891181946, 2], [0.46093258261680603, 2], [0.35103556513786316, 1], [0.813944935798645, 1], [0.8139024972915649, 1], [0.7353329062461853, 1]]"
float32-round-even-staged,fx-tr-flare,0.9,A,0,0,0,0,[]
float32-round-even-staged,fx-ov-tr-diamond,0.3,R,0,0,0,0,[]
float32-round-even-staged,fx-ov-tr-diamond,0.3,G,0,0,0,0,[]
float32-round-even-staged,fx-ov-tr-diamond,0.3,B,43112,1,43112,43112,"[[0.5, 43112]]"
float32-round-even-staged,fx-ov-tr-diamond,0.3,A,0,0,0,0,[]
float32-round-even-staged,fx-ov-tr-diamond,0.9,R,0,0,0,0,[]
float32-round-even-staged,fx-ov-tr-diamond,0.9,G,0,0,0,0,[]
float32-round-even-staged,fx-ov-tr-diamond,0.9,B,39924,1,39924,39924,"[[0.5, 39924]]"
float32-round-even-staged,fx-ov-tr-diamond,0.9,A,0,0,0,0,[]
float32-round-even-staged,fx-ov-tr-diamond,2.1,R,0,0,0,0,[]
float32-round-even-staged,fx-ov-tr-diamond,2.1,G,0,0,0,0,[]
float32-round-even-staged,fx-ov-tr-diamond,2.1,B,43356,1,43356,43356,"[[0.5, 43356]]"
float32-round-even-staged,fx-ov-tr-diamond,2.1,A,0,0,0,0,[]
